Data,Cidades,Nome da cidade,Visualizações
2026-01-09,0x716112050422ebd:0xf71c84369573db9d,"Salvador, BA, Brasil",0
2026-01-10,0x716112050422ebd:0xf71c84369573db9d,"Salvador, BA, Brasil",0
2026-01-11,0x716112050422ebd:0xf71c84369573db9d,"Salvador, BA, Brasil",0
2026-01-12,0x716112050422ebd:0xf71c84369573db9d,"Salvador, BA, Brasil",0
2026-01-13,0x716112050422ebd:0xf71c84369573db9d,"Salvador, BA, Brasil",0
2026-01-14,0x716112050422ebd:0xf71c84369573db9d,"Salvador, BA, Brasil",0
2026-01-15,0x716112050422ebd:0xf71c84369573db9d,"Salvador, BA, Brasil",0
2026-01-16,0x716112050422ebd:0xf71c84369573db9d,"Salvador, BA, Brasil",0
2026-01-17,0x716112050422ebd:0xf71c84369573db9d,"Salvador, BA, Brasil",30
2026-01-18,0x716112050422ebd:0xf71c84369573db9d,"Salvador, BA, Brasil",28
2026-01-19,0x716112050422ebd:0xf71c84369573db9d,"Salvador, BA, Brasil",0
2026-01-20,0x716112050422ebd:0xf71c84369573db9d,"Salvador, BA, Brasil",0
2026-01-21,0x716112050422ebd:0xf71c84369573db9d,"Salvador, BA, Brasil",31
2026-01-22,0x716112050422ebd:0xf71c84369573db9d,"Salvador, BA, Brasil",0
2026-01-23,0x716112050422ebd:0xf71c84369573db9d,"Salvador, BA, Brasil",0
2026-01-24,0x716112050422ebd:0xf71c84369573db9d,"Salvador, BA, Brasil",0
2026-01-25,0x716112050422ebd:0xf71c84369573db9d,"Salvador, BA, Brasil",0
2026-01-26,0x716112050422ebd:0xf71c84369573db9d,"Salvador, BA, Brasil",0
2026-01-27,0x716112050422ebd:0xf71c84369573db9d,"Salvador, BA, Brasil",0
2026-01-28,0x716112050422ebd:0xf71c84369573db9d,"Salvador, BA, Brasil",0
2026-01-29,0x716112050422ebd:0xf71c84369573db9d,"Salvador, BA, Brasil",0
2026-01-30,0x716112050422ebd:0xf71c84369573db9d,"Salvador, BA, Brasil",19
2026-01-31,0x716112050422ebd:0xf71c84369573db9d,"Salvador, BA, Brasil",0
2026-02-01,0x716112050422ebd:0xf71c84369573db9d,"Salvador, BA, Brasil",0
2026-02-02,0x716112050422ebd:0xf71c84369573db9d,"Salvador, BA, Brasil",0
2026-02-03,0x716112050422ebd:0xf71c84369573db9d,"Salvador, BA, Brasil",0
2026-02-04,0x716112050422ebd:0xf71c84369573db9d,"Salvador, BA, Brasil",0
2026-02-05,0x716112050422ebd:0xf71c84369573db9d,"Salvador, BA, Brasil",0
2026-02-06,0x716112050422ebd:0xf71c84369573db9d,"Salvador, BA, Brasil",0
2026-02-07,0x716112050422ebd:0xf71c84369573db9d,"Salvador, BA, Brasil",0
2026-02-08,0x716112050422ebd:0xf71c84369573db9d,"Salvador, BA, Brasil",0
2026-02-09,0x716112050422ebd:0xf71c84369573db9d,"Salvador, BA, Brasil",0
2026-02-10,0x716112050422ebd:0xf71c84369573db9d,"Salvador, BA, Brasil",0
2026-02-11,0x716112050422ebd:0xf71c84369573db9d,"Salvador, BA, Brasil",0
2026-02-12,0x716112050422ebd:0xf71c84369573db9d,"Salvador, BA, Brasil",23
2026-02-13,0x716112050422ebd:0xf71c84369573db9d,"Salvador, BA, Brasil",0
2026-02-14,0x716112050422ebd:0xf71c84369573db9d,"Salvador, BA, Brasil",0
2026-02-15,0x716112050422ebd:0xf71c84369573db9d,"Salvador, BA, Brasil",0
2026-02-16,0x716112050422ebd:0xf71c84369573db9d,"Salvador, BA, Brasil",0
2026-02-17,0x716112050422ebd:0xf71c84369573db9d,"Salvador, BA, Brasil",0
2026-02-18,0x716112050422ebd:0xf71c84369573db9d,"Salvador, BA, Brasil",0
2026-02-19,0x716112050422ebd:0xf71c84369573db9d,"Salvador, BA, Brasil",0
2026-02-20,0x716112050422ebd:0xf71c84369573db9d,"Salvador, BA, Brasil",0
2026-02-21,0x716112050422ebd:0xf71c84369573db9d,"Salvador, BA, Brasil",0
2026-02-22,0x716112050422ebd:0xf71c84369573db9d,"Salvador, BA, Brasil",0
2026-02-23,0x716112050422ebd:0xf71c84369573db9d,"Salvador, BA, Brasil",0
2026-02-24,0x716112050422ebd:0xf71c84369573db9d,"Salvador, BA, Brasil",0
2026-02-25,0x716112050422ebd:0xf71c84369573db9d,"Salvador, BA, Brasil",0
2026-02-26,0x716112050422ebd:0xf71c84369573db9d,"Salvador, BA, Brasil",0
2026-02-27,0x716112050422ebd:0xf71c84369573db9d,"Salvador, BA, Brasil",0
2026-02-28,0x716112050422ebd:0xf71c84369573db9d,"Salvador, BA, Brasil",0
2026-03-01,0x716112050422ebd:0xf71c84369573db9d,"Salvador, BA, Brasil",0
2026-03-02,0x716112050422ebd:0xf71c84369573db9d,"Salvador, BA, Brasil",0
2026-03-03,0x716112050422ebd:0xf71c84369573db9d,"Salvador, BA, Brasil",0
2026-03-04,0x716112050422ebd:0xf71c84369573db9d,"Salvador, BA, Brasil",0
2026-03-05,0x716112050422ebd:0xf71c84369573db9d,"Salvador, BA, Brasil",0
2026-03-06,0x716112050422ebd:0xf71c84369573db9d,"Salvador, BA, Brasil",0
2026-03-07,0x716112050422ebd:0xf71c84369573db9d,"Salvador, BA, Brasil",0
2026-03-08,0x716112050422ebd:0xf71c84369573db9d,"Salvador, BA, Brasil",0
2026-03-09,0x716112050422ebd:0xf71c84369573db9d,"Salvador, BA, Brasil",0
2026-03-10,0x716112050422ebd:0xf71c84369573db9d,"Salvador, BA, Brasil",0
2026-03-11,0x716112050422ebd:0xf71c84369573db9d,"Salvador, BA, Brasil",0
2026-03-12,0x716112050422ebd:0xf71c84369573db9d,"Salvador, BA, Brasil",0
2026-03-13,0x716112050422ebd:0xf71c84369573db9d,"Salvador, BA, Brasil",0
2026-03-14,0x716112050422ebd:0xf71c84369573db9d,"Salvador, BA, Brasil",0
2026-03-15,0x716112050422ebd:0xf71c84369573db9d,"Salvador, BA, Brasil",0
2026-03-16,0x716112050422ebd:0xf71c84369573db9d,"Salvador, BA, Brasil",0
2026-03-17,0x716112050422ebd:0xf71c84369573db9d,"Salvador, BA, Brasil",0
2026-03-18,0x716112050422ebd:0xf71c84369573db9d,"Salvador, BA, Brasil",0
2026-03-19,0x716112050422ebd:0xf71c84369573db9d,"Salvador, BA, Brasil",0
2026-03-20,0x716112050422ebd:0xf71c84369573db9d,"Salvador, BA, Brasil",0
2026-03-21,0x716112050422ebd:0xf71c84369573db9d,"Salvador, BA, Brasil",0
2026-03-22,0x716112050422ebd:0xf71c84369573db9d,"Salvador, BA, Brasil",0
2026-03-23,0x716112050422ebd:0xf71c84369573db9d,"Salvador, BA, Brasil",0
2026-03-24,0x716112050422ebd:0xf71c84369573db9d,"Salvador, BA, Brasil",0
2026-03-25,0x716112050422ebd:0xf71c84369573db9d,"Salvador, BA, Brasil",0
2026-03-26,0x716112050422ebd:0xf71c84369573db9d,"Salvador, BA, Brasil",0
2026-03-27,0x716112050422ebd:0xf71c84369573db9d,"Salvador, BA, Brasil",0
2026-03-28,0x716112050422ebd:0xf71c84369573db9d,"Salvador, BA, Brasil",0
2026-03-29,0x716112050422ebd:0xf71c84369573db9d,"Salvador, BA, Brasil",0
2026-03-30,0x716112050422ebd:0xf71c84369573db9d,"Salvador, BA, Brasil",0
2026-03-31,0x716112050422ebd:0xf71c84369573db9d,"Salvador, BA, Brasil",0
2026-04-01,0x716112050422ebd:0xf71c84369573db9d,"Salvador, BA, Brasil",0
2026-04-02,0x716112050422ebd:0xf71c84369573db9d,"Salvador, BA, Brasil",0
2026-04-03,0x716112050422ebd:0xf71c84369573db9d,"Salvador, BA, Brasil",0
2026-04-04,0x716112050422ebd:0xf71c84369573db9d,"Salvador, BA, Brasil",0
2026-04-05,0x716112050422ebd:0xf71c84369573db9d,"Salvador, BA, Brasil",0
2026-04-06,0x716112050422ebd:0xf71c84369573db9d,"Salvador, BA, Brasil",0
2026-04-07,0x716112050422ebd:0xf71c84369573db9d,"Salvador, BA, Brasil",0
2026-04-08,0x716112050422ebd:0xf71c84369573db9d,"Salvador, BA, Brasil",0
2026-01-09,0x7c74f21f6c15c2f:0xfd6d6706cb7927aa,"Fortaleza - Zone , Fortaleza - CE, Brasil",0
2026-01-10,0x7c74f21f6c15c2f:0xfd6d6706cb7927aa,"Fortaleza - Zone , Fortaleza - CE, Brasil",0
2026-01-11,0x7c74f21f6c15c2f:0xfd6d6706cb7927aa,"Fortaleza - Zone , Fortaleza - CE, Brasil",0
2026-01-12,0x7c74f21f6c15c2f:0xfd6d6706cb7927aa,"Fortaleza - Zone , Fortaleza - CE, Brasil",0
2026-01-13,0x7c74f21f6c15c2f:0xfd6d6706cb7927aa,"Fortaleza - Zone , Fortaleza - CE, Brasil",0
2026-01-14,0x7c74f21f6c15c2f:0xfd6d6706cb7927aa,"Fortaleza - Zone , Fortaleza - CE, Brasil",0
2026-01-15,0x7c74f21f6c15c2f:0xfd6d6706cb7927aa,"Fortaleza - Zone , Fortaleza - CE, Brasil",0
2026-01-16,0x7c74f21f6c15c2f:0xfd6d6706cb7927aa,"Fortaleza - Zone , Fortaleza - CE, Brasil",0
2026-01-17,0x7c74f21f6c15c2f:0xfd6d6706cb7927aa,"Fortaleza - Zone , Fortaleza - CE, Brasil",0
2026-01-18,0x7c74f21f6c15c2f:0xfd6d6706cb7927aa,"Fortaleza - Zone , Fortaleza - CE, Brasil",22
2026-01-19,0x7c74f21f6c15c2f:0xfd6d6706cb7927aa,"Fortaleza - Zone , Fortaleza - CE, Brasil",0
2026-01-20,0x7c74f21f6c15c2f:0xfd6d6706cb7927aa,"Fortaleza - Zone , Fortaleza - CE, Brasil",0
2026-01-21,0x7c74f21f6c15c2f:0xfd6d6706cb7927aa,"Fortaleza - Zone , Fortaleza - CE, Brasil",31
2026-01-22,0x7c74f21f6c15c2f:0xfd6d6706cb7927aa,"Fortaleza - Zone , Fortaleza - CE, Brasil",0
2026-01-23,0x7c74f21f6c15c2f:0xfd6d6706cb7927aa,"Fortaleza - Zone , Fortaleza - CE, Brasil",0
2026-01-24,0x7c74f21f6c15c2f:0xfd6d6706cb7927aa,"Fortaleza - Zone , Fortaleza - CE, Brasil",0
2026-01-25,0x7c74f21f6c15c2f:0xfd6d6706cb7927aa,"Fortaleza - Zone , Fortaleza - CE, Brasil",0
2026-01-26,0x7c74f21f6c15c2f:0xfd6d6706cb7927aa,"Fortaleza - Zone , Fortaleza - CE, Brasil",0
2026-01-27,0x7c74f21f6c15c2f:0xfd6d6706cb7927aa,"Fortaleza - Zone , Fortaleza - CE, Brasil",0
2026-01-28,0x7c74f21f6c15c2f:0xfd6d6706cb7927aa,"Fortaleza - Zone , Fortaleza - CE, Brasil",0
2026-01-29,0x7c74f21f6c15c2f:0xfd6d6706cb7927aa,"Fortaleza - Zone , Fortaleza - CE, Brasil",0
2026-01-30,0x7c74f21f6c15c2f:0xfd6d6706cb7927aa,"Fortaleza - Zone , Fortaleza - CE, Brasil",21
2026-01-31,0x7c74f21f6c15c2f:0xfd6d6706cb7927aa,"Fortaleza - Zone , Fortaleza - CE, Brasil",0
2026-02-01,0x7c74f21f6c15c2f:0xfd6d6706cb7927aa,"Fortaleza - Zone , Fortaleza - CE, Brasil",0
2026-02-02,0x7c74f21f6c15c2f:0xfd6d6706cb7927aa,"Fortaleza - Zone , Fortaleza - CE, Brasil",0
2026-02-03,0x7c74f21f6c15c2f:0xfd6d6706cb7927aa,"Fortaleza - Zone , Fortaleza - CE, Brasil",0
2026-02-04,0x7c74f21f6c15c2f:0xfd6d6706cb7927aa,"Fortaleza - Zone , Fortaleza - CE, Brasil",0
2026-02-05,0x7c74f21f6c15c2f:0xfd6d6706cb7927aa,"Fortaleza - Zone , Fortaleza - CE, Brasil",0
2026-02-06,0x7c74f21f6c15c2f:0xfd6d6706cb7927aa,"Fortaleza - Zone , Fortaleza - CE, Brasil",0
2026-02-07,0x7c74f21f6c15c2f:0xfd6d6706cb7927aa,"Fortaleza - Zone , Fortaleza - CE, Brasil",0
2026-02-08,0x7c74f21f6c15c2f:0xfd6d6706cb7927aa,"Fortaleza - Zone , Fortaleza - CE, Brasil",0
2026-02-09,0x7c74f21f6c15c2f:0xfd6d6706cb7927aa,"Fortaleza - Zone , Fortaleza - CE, Brasil",0
2026-02-10,0x7c74f21f6c15c2f:0xfd6d6706cb7927aa,"Fortaleza - Zone , Fortaleza - CE, Brasil",0
2026-02-11,0x7c74f21f6c15c2f:0xfd6d6706cb7927aa,"Fortaleza - Zone , Fortaleza - CE, Brasil",0
2026-02-12,0x7c74f21f6c15c2f:0xfd6d6706cb7927aa,"Fortaleza - Zone , Fortaleza - CE, Brasil",0
2026-02-13,0x7c74f21f6c15c2f:0xfd6d6706cb7927aa,"Fortaleza - Zone , Fortaleza - CE, Brasil",0
2026-02-14,0x7c74f21f6c15c2f:0xfd6d6706cb7927aa,"Fortaleza - Zone , Fortaleza - CE, Brasil",0
2026-02-15,0x7c74f21f6c15c2f:0xfd6d6706cb7927aa,"Fortaleza - Zone , Fortaleza - CE, Brasil",0
2026-02-16,0x7c74f21f6c15c2f:0xfd6d6706cb7927aa,"Fortaleza - Zone , Fortaleza - CE, Brasil",0
2026-02-17,0x7c74f21f6c15c2f:0xfd6d6706cb7927aa,"Fortaleza - Zone , Fortaleza - CE, Brasil",0
2026-02-18,0x7c74f21f6c15c2f:0xfd6d6706cb7927aa,"Fortaleza - Zone , Fortaleza - CE, Brasil",0
2026-02-19,0x7c74f21f6c15c2f:0xfd6d6706cb7927aa,"Fortaleza - Zone , Fortaleza - CE, Brasil",0
2026-02-20,0x7c74f21f6c15c2f:0xfd6d6706cb7927aa,"Fortaleza - Zone , Fortaleza - CE, Brasil",46
2026-02-21,0x7c74f21f6c15c2f:0xfd6d6706cb7927aa,"Fortaleza - Zone , Fortaleza - CE, Brasil",0
2026-02-22,0x7c74f21f6c15c2f:0xfd6d6706cb7927aa,"Fortaleza - Zone , Fortaleza - CE, Brasil",0
2026-02-23,0x7c74f21f6c15c2f:0xfd6d6706cb7927aa,"Fortaleza - Zone , Fortaleza - CE, Brasil",0
2026-02-24,0x7c74f21f6c15c2f:0xfd6d6706cb7927aa,"Fortaleza - Zone , Fortaleza - CE, Brasil",14
2026-02-25,0x7c74f21f6c15c2f:0xfd6d6706cb7927aa,"Fortaleza - Zone , Fortaleza - CE, Brasil",0
2026-02-26,0x7c74f21f6c15c2f:0xfd6d6706cb7927aa,"Fortaleza - Zone , Fortaleza - CE, Brasil",0
2026-02-27,0x7c74f21f6c15c2f:0xfd6d6706cb7927aa,"Fortaleza - Zone , Fortaleza - CE, Brasil",0
2026-02-28,0x7c74f21f6c15c2f:0xfd6d6706cb7927aa,"Fortaleza - Zone , Fortaleza - CE, Brasil",27
2026-03-01,0x7c74f21f6c15c2f:0xfd6d6706cb7927aa,"Fortaleza - Zone , Fortaleza - CE, Brasil",0
2026-03-02,0x7c74f21f6c15c2f:0xfd6d6706cb7927aa,"Fortaleza - Zone , Fortaleza - CE, Brasil",0
2026-03-03,0x7c74f21f6c15c2f:0xfd6d6706cb7927aa,"Fortaleza - Zone , Fortaleza - CE, Brasil",0
2026-03-04,0x7c74f21f6c15c2f:0xfd6d6706cb7927aa,"Fortaleza - Zone , Fortaleza - CE, Brasil",34
2026-03-05,0x7c74f21f6c15c2f:0xfd6d6706cb7927aa,"Fortaleza - Zone , Fortaleza - CE, Brasil",0
2026-03-06,0x7c74f21f6c15c2f:0xfd6d6706cb7927aa,"Fortaleza - Zone , Fortaleza - CE, Brasil",0
2026-03-07,0x7c74f21f6c15c2f:0xfd6d6706cb7927aa,"Fortaleza - Zone , Fortaleza - CE, Brasil",0
2026-03-08,0x7c74f21f6c15c2f:0xfd6d6706cb7927aa,"Fortaleza - Zone , Fortaleza - CE, Brasil",0
2026-03-09,0x7c74f21f6c15c2f:0xfd6d6706cb7927aa,"Fortaleza - Zone , Fortaleza - CE, Brasil",0
2026-03-10,0x7c74f21f6c15c2f:0xfd6d6706cb7927aa,"Fortaleza - Zone , Fortaleza - CE, Brasil",0
2026-03-11,0x7c74f21f6c15c2f:0xfd6d6706cb7927aa,"Fortaleza - Zone , Fortaleza - CE, Brasil",16
2026-03-12,0x7c74f21f6c15c2f:0xfd6d6706cb7927aa,"Fortaleza - Zone , Fortaleza - CE, Brasil",0
2026-03-13,0x7c74f21f6c15c2f:0xfd6d6706cb7927aa,"Fortaleza - Zone , Fortaleza - CE, Brasil",0
2026-03-14,0x7c74f21f6c15c2f:0xfd6d6706cb7927aa,"Fortaleza - Zone , Fortaleza - CE, Brasil",0
2026-03-15,0x7c74f21f6c15c2f:0xfd6d6706cb7927aa,"Fortaleza - Zone , Fortaleza - CE, Brasil",0
2026-03-16,0x7c74f21f6c15c2f:0xfd6d6706cb7927aa,"Fortaleza - Zone , Fortaleza - CE, Brasil",0
2026-03-17,0x7c74f21f6c15c2f:0xfd6d6706cb7927aa,"Fortaleza - Zone , Fortaleza - CE, Brasil",0
2026-03-18,0x7c74f21f6c15c2f:0xfd6d6706cb7927aa,"Fortaleza - Zone , Fortaleza - CE, Brasil",14
2026-03-19,0x7c74f21f6c15c2f:0xfd6d6706cb7927aa,"Fortaleza - Zone , Fortaleza - CE, Brasil",26
2026-03-20,0x7c74f21f6c15c2f:0xfd6d6706cb7927aa,"Fortaleza - Zone , Fortaleza - CE, Brasil",0
2026-03-21,0x7c74f21f6c15c2f:0xfd6d6706cb7927aa,"Fortaleza - Zone , Fortaleza - CE, Brasil",0
2026-03-22,0x7c74f21f6c15c2f:0xfd6d6706cb7927aa,"Fortaleza - Zone , Fortaleza - CE, Brasil",0
2026-03-23,0x7c74f21f6c15c2f:0xfd6d6706cb7927aa,"Fortaleza - Zone , Fortaleza - CE, Brasil",0
2026-03-24,0x7c74f21f6c15c2f:0xfd6d6706cb7927aa,"Fortaleza - Zone , Fortaleza - CE, Brasil",0
2026-03-25,0x7c74f21f6c15c2f:0xfd6d6706cb7927aa,"Fortaleza - Zone , Fortaleza - CE, Brasil",0
2026-03-26,0x7c74f21f6c15c2f:0xfd6d6706cb7927aa,"Fortaleza - Zone , Fortaleza - CE, Brasil",0
2026-03-27,0x7c74f21f6c15c2f:0xfd6d6706cb7927aa,"Fortaleza - Zone , Fortaleza - CE, Brasil",0
2026-03-28,0x7c74f21f6c15c2f:0xfd6d6706cb7927aa,"Fortaleza - Zone , Fortaleza - CE, Brasil",0
2026-03-29,0x7c74f21f6c15c2f:0xfd6d6706cb7927aa,"Fortaleza - Zone , Fortaleza - CE, Brasil",0
2026-03-30,0x7c74f21f6c15c2f:0xfd6d6706cb7927aa,"Fortaleza - Zone , Fortaleza - CE, Brasil",0
2026-03-31,0x7c74f21f6c15c2f:0xfd6d6706cb7927aa,"Fortaleza - Zone , Fortaleza - CE, Brasil",0
2026-04-01,0x7c74f21f6c15c2f:0xfd6d6706cb7927aa,"Fortaleza - Zone , Fortaleza - CE, Brasil",0
2026-04-02,0x7c74f21f6c15c2f:0xfd6d6706cb7927aa,"Fortaleza - Zone , Fortaleza - CE, Brasil",0
2026-04-03,0x7c74f21f6c15c2f:0xfd6d6706cb7927aa,"Fortaleza - Zone , Fortaleza - CE, Brasil",0
2026-04-04,0x7c74f21f6c15c2f:0xfd6d6706cb7927aa,"Fortaleza - Zone , Fortaleza - CE, Brasil",0
2026-04-05,0x7c74f21f6c15c2f:0xfd6d6706cb7927aa,"Fortaleza - Zone , Fortaleza - CE, Brasil",0
2026-04-06,0x7c74f21f6c15c2f:0xfd6d6706cb7927aa,"Fortaleza - Zone , Fortaleza - CE, Brasil",0
2026-04-07,0x7c74f21f6c15c2f:0xfd6d6706cb7927aa,"Fortaleza - Zone , Fortaleza - CE, Brasil",0
2026-04-08,0x7c74f21f6c15c2f:0xfd6d6706cb7927aa,"Fortaleza - Zone , Fortaleza - CE, Brasil",0
2026-01-09,0x94ce448183a461d1:0x9ba94b08ff335bae,"São Paulo, SP, Brasil",0
2026-01-10,0x94ce448183a461d1:0x9ba94b08ff335bae,"São Paulo, SP, Brasil",0
2026-01-11,0x94ce448183a461d1:0x9ba94b08ff335bae,"São Paulo, SP, Brasil",0
2026-01-12,0x94ce448183a461d1:0x9ba94b08ff335bae,"São Paulo, SP, Brasil",0
2026-01-13,0x94ce448183a461d1:0x9ba94b08ff335bae,"São Paulo, SP, Brasil",0
2026-01-14,0x94ce448183a461d1:0x9ba94b08ff335bae,"São Paulo, SP, Brasil",109
2026-01-15,0x94ce448183a461d1:0x9ba94b08ff335bae,"São Paulo, SP, Brasil",0
2026-01-16,0x94ce448183a461d1:0x9ba94b08ff335bae,"São Paulo, SP, Brasil",52
2026-01-17,0x94ce448183a461d1:0x9ba94b08ff335bae,"São Paulo, SP, Brasil",92
2026-01-18,0x94ce448183a461d1:0x9ba94b08ff335bae,"São Paulo, SP, Brasil",98
2026-01-19,0x94ce448183a461d1:0x9ba94b08ff335bae,"São Paulo, SP, Brasil",25
2026-01-20,0x94ce448183a461d1:0x9ba94b08ff335bae,"São Paulo, SP, Brasil",65
2026-01-21,0x94ce448183a461d1:0x9ba94b08ff335bae,"São Paulo, SP, Brasil",249
2026-01-22,0x94ce448183a461d1:0x9ba94b08ff335bae,"São Paulo, SP, Brasil",0
2026-01-23,0x94ce448183a461d1:0x9ba94b08ff335bae,"São Paulo, SP, Brasil",113
2026-01-24,0x94ce448183a461d1:0x9ba94b08ff335bae,"São Paulo, SP, Brasil",0
2026-01-25,0x94ce448183a461d1:0x9ba94b08ff335bae,"São Paulo, SP, Brasil",95
2026-01-26,0x94ce448183a461d1:0x9ba94b08ff335bae,"São Paulo, SP, Brasil",0
2026-01-27,0x94ce448183a461d1:0x9ba94b08ff335bae,"São Paulo, SP, Brasil",0
2026-01-28,0x94ce448183a461d1:0x9ba94b08ff335bae,"São Paulo, SP, Brasil",0
2026-01-29,0x94ce448183a461d1:0x9ba94b08ff335bae,"São Paulo, SP, Brasil",50
2026-01-30,0x94ce448183a461d1:0x9ba94b08ff335bae,"São Paulo, SP, Brasil",71
2026-01-31,0x94ce448183a461d1:0x9ba94b08ff335bae,"São Paulo, SP, Brasil",40
2026-02-01,0x94ce448183a461d1:0x9ba94b08ff335bae,"São Paulo, SP, Brasil",21
2026-02-02,0x94ce448183a461d1:0x9ba94b08ff335bae,"São Paulo, SP, Brasil",31
2026-02-03,0x94ce448183a461d1:0x9ba94b08ff335bae,"São Paulo, SP, Brasil",0
2026-02-04,0x94ce448183a461d1:0x9ba94b08ff335bae,"São Paulo, SP, Brasil",0
2026-02-05,0x94ce448183a461d1:0x9ba94b08ff335bae,"São Paulo, SP, Brasil",121
2026-02-06,0x94ce448183a461d1:0x9ba94b08ff335bae,"São Paulo, SP, Brasil",0
2026-02-07,0x94ce448183a461d1:0x9ba94b08ff335bae,"São Paulo, SP, Brasil",41
2026-02-08,0x94ce448183a461d1:0x9ba94b08ff335bae,"São Paulo, SP, Brasil",0
2026-02-09,0x94ce448183a461d1:0x9ba94b08ff335bae,"São Paulo, SP, Brasil",0
2026-02-10,0x94ce448183a461d1:0x9ba94b08ff335bae,"São Paulo, SP, Brasil",0
2026-02-11,0x94ce448183a461d1:0x9ba94b08ff335bae,"São Paulo, SP, Brasil",0
2026-02-12,0x94ce448183a461d1:0x9ba94b08ff335bae,"São Paulo, SP, Brasil",81
2026-02-13,0x94ce448183a461d1:0x9ba94b08ff335bae,"São Paulo, SP, Brasil",50
2026-02-14,0x94ce448183a461d1:0x9ba94b08ff335bae,"São Paulo, SP, Brasil",68
2026-02-15,0x94ce448183a461d1:0x9ba94b08ff335bae,"São Paulo, SP, Brasil",19
2026-02-16,0x94ce448183a461d1:0x9ba94b08ff335bae,"São Paulo, SP, Brasil",0
2026-02-17,0x94ce448183a461d1:0x9ba94b08ff335bae,"São Paulo, SP, Brasil",0
2026-02-18,0x94ce448183a461d1:0x9ba94b08ff335bae,"São Paulo, SP, Brasil",59
2026-02-19,0x94ce448183a461d1:0x9ba94b08ff335bae,"São Paulo, SP, Brasil",31
2026-02-20,0x94ce448183a461d1:0x9ba94b08ff335bae,"São Paulo, SP, Brasil",169
2026-02-21,0x94ce448183a461d1:0x9ba94b08ff335bae,"São Paulo, SP, Brasil",25
2026-02-22,0x94ce448183a461d1:0x9ba94b08ff335bae,"São Paulo, SP, Brasil",77
2026-02-23,0x94ce448183a461d1:0x9ba94b08ff335bae,"São Paulo, SP, Brasil",28
2026-02-24,0x94ce448183a461d1:0x9ba94b08ff335bae,"São Paulo, SP, Brasil",66
2026-02-25,0x94ce448183a461d1:0x9ba94b08ff335bae,"São Paulo, SP, Brasil",34
2026-02-26,0x94ce448183a461d1:0x9ba94b08ff335bae,"São Paulo, SP, Brasil",0
2026-02-27,0x94ce448183a461d1:0x9ba94b08ff335bae,"São Paulo, SP, Brasil",42
2026-02-28,0x94ce448183a461d1:0x9ba94b08ff335bae,"São Paulo, SP, Brasil",65
2026-03-01,0x94ce448183a461d1:0x9ba94b08ff335bae,"São Paulo, SP, Brasil",0
2026-03-02,0x94ce448183a461d1:0x9ba94b08ff335bae,"São Paulo, SP, Brasil",0
2026-03-03,0x94ce448183a461d1:0x9ba94b08ff335bae,"São Paulo, SP, Brasil",0
2026-03-04,0x94ce448183a461d1:0x9ba94b08ff335bae,"São Paulo, SP, Brasil",79
2026-03-05,0x94ce448183a461d1:0x9ba94b08ff335bae,"São Paulo, SP, Brasil",0
2026-03-06,0x94ce448183a461d1:0x9ba94b08ff335bae,"São Paulo, SP, Brasil",38
2026-03-07,0x94ce448183a461d1:0x9ba94b08ff335bae,"São Paulo, SP, Brasil",0
2026-03-08,0x94ce448183a461d1:0x9ba94b08ff335bae,"São Paulo, SP, Brasil",0
2026-03-09,0x94ce448183a461d1:0x9ba94b08ff335bae,"São Paulo, SP, Brasil",31
2026-03-10,0x94ce448183a461d1:0x9ba94b08ff335bae,"São Paulo, SP, Brasil",0
2026-03-11,0x94ce448183a461d1:0x9ba94b08ff335bae,"São Paulo, SP, Brasil",71
2026-03-12,0x94ce448183a461d1:0x9ba94b08ff335bae,"São Paulo, SP, Brasil",91
2026-03-13,0x94ce448183a461d1:0x9ba94b08ff335bae,"São Paulo, SP, Brasil",42
2026-03-14,0x94ce448183a461d1:0x9ba94b08ff335bae,"São Paulo, SP, Brasil",0
2026-03-15,0x94ce448183a461d1:0x9ba94b08ff335bae,"São Paulo, SP, Brasil",0
2026-03-16,0x94ce448183a461d1:0x9ba94b08ff335bae,"São Paulo, SP, Brasil",0
2026-03-17,0x94ce448183a461d1:0x9ba94b08ff335bae,"São Paulo, SP, Brasil",85
2026-03-18,0x94ce448183a461d1:0x9ba94b08ff335bae,"São Paulo, SP, Brasil",91
2026-03-19,0x94ce448183a461d1:0x9ba94b08ff335bae,"São Paulo, SP, Brasil",53
2026-03-20,0x94ce448183a461d1:0x9ba94b08ff335bae,"São Paulo, SP, Brasil",0
2026-03-21,0x94ce448183a461d1:0x9ba94b08ff335bae,"São Paulo, SP, Brasil",45
2026-03-22,0x94ce448183a461d1:0x9ba94b08ff335bae,"São Paulo, SP, Brasil",59
2026-03-23,0x94ce448183a461d1:0x9ba94b08ff335bae,"São Paulo, SP, Brasil",0
2026-03-24,0x94ce448183a461d1:0x9ba94b08ff335bae,"São Paulo, SP, Brasil",45
2026-03-25,0x94ce448183a461d1:0x9ba94b08ff335bae,"São Paulo, SP, Brasil",69
2026-03-26,0x94ce448183a461d1:0x9ba94b08ff335bae,"São Paulo, SP, Brasil",91
2026-03-27,0x94ce448183a461d1:0x9ba94b08ff335bae,"São Paulo, SP, Brasil",80
2026-03-28,0x94ce448183a461d1:0x9ba94b08ff335bae,"São Paulo, SP, Brasil",0
2026-03-29,0x94ce448183a461d1:0x9ba94b08ff335bae,"São Paulo, SP, Brasil",0
2026-03-30,0x94ce448183a461d1:0x9ba94b08ff335bae,"São Paulo, SP, Brasil",0
2026-03-31,0x94ce448183a461d1:0x9ba94b08ff335bae,"São Paulo, SP, Brasil",0
2026-04-01,0x94ce448183a461d1:0x9ba94b08ff335bae,"São Paulo, SP, Brasil",89
2026-04-02,0x94ce448183a461d1:0x9ba94b08ff335bae,"São Paulo, SP, Brasil",0
2026-04-03,0x94ce448183a461d1:0x9ba94b08ff335bae,"São Paulo, SP, Brasil",0
2026-04-04,0x94ce448183a461d1:0x9ba94b08ff335bae,"São Paulo, SP, Brasil",0
2026-04-05,0x94ce448183a461d1:0x9ba94b08ff335bae,"São Paulo, SP, Brasil",0
2026-04-06,0x94ce448183a461d1:0x9ba94b08ff335bae,"São Paulo, SP, Brasil",0
2026-04-07,0x94ce448183a461d1:0x9ba94b08ff335bae,"São Paulo, SP, Brasil",0
2026-04-08,0x94ce448183a461d1:0x9ba94b08ff335bae,"São Paulo, SP, Brasil",0
2026-01-09,0x9bde559108a05b:0x50dc426c672fd24e,"Rio de Janeiro, RJ, Brasil",0
2026-01-10,0x9bde559108a05b:0x50dc426c672fd24e,"Rio de Janeiro, RJ, Brasil",0
2026-01-11,0x9bde559108a05b:0x50dc426c672fd24e,"Rio de Janeiro, RJ, Brasil",0
2026-01-12,0x9bde559108a05b:0x50dc426c672fd24e,"Rio de Janeiro, RJ, Brasil",0
2026-01-13,0x9bde559108a05b:0x50dc426c672fd24e,"Rio de Janeiro, RJ, Brasil",0
2026-01-14,0x9bde559108a05b:0x50dc426c672fd24e,"Rio de Janeiro, RJ, Brasil",44
2026-01-15,0x9bde559108a05b:0x50dc426c672fd24e,"Rio de Janeiro, RJ, Brasil",0
2026-01-16,0x9bde559108a05b:0x50dc426c672fd24e,"Rio de Janeiro, RJ, Brasil",22
2026-01-17,0x9bde559108a05b:0x50dc426c672fd24e,"Rio de Janeiro, RJ, Brasil",0
2026-01-18,0x9bde559108a05b:0x50dc426c672fd24e,"Rio de Janeiro, RJ, Brasil",30
2026-01-19,0x9bde559108a05b:0x50dc426c672fd24e,"Rio de Janeiro, RJ, Brasil",22
2026-01-20,0x9bde559108a05b:0x50dc426c672fd24e,"Rio de Janeiro, RJ, Brasil",45
2026-01-21,0x9bde559108a05b:0x50dc426c672fd24e,"Rio de Janeiro, RJ, Brasil",97
2026-01-22,0x9bde559108a05b:0x50dc426c672fd24e,"Rio de Janeiro, RJ, Brasil",0
2026-01-23,0x9bde559108a05b:0x50dc426c672fd24e,"Rio de Janeiro, RJ, Brasil",0
2026-01-24,0x9bde559108a05b:0x50dc426c672fd24e,"Rio de Janeiro, RJ, Brasil",0
2026-01-25,0x9bde559108a05b:0x50dc426c672fd24e,"Rio de Janeiro, RJ, Brasil",33
2026-01-26,0x9bde559108a05b:0x50dc426c672fd24e,"Rio de Janeiro, RJ, Brasil",0
2026-01-27,0x9bde559108a05b:0x50dc426c672fd24e,"Rio de Janeiro, RJ, Brasil",0
2026-01-28,0x9bde559108a05b:0x50dc426c672fd24e,"Rio de Janeiro, RJ, Brasil",0
2026-01-29,0x9bde559108a05b:0x50dc426c672fd24e,"Rio de Janeiro, RJ, Brasil",0
2026-01-30,0x9bde559108a05b:0x50dc426c672fd24e,"Rio de Janeiro, RJ, Brasil",27
2026-01-31,0x9bde559108a05b:0x50dc426c672fd24e,"Rio de Janeiro, RJ, Brasil",20
2026-02-01,0x9bde559108a05b:0x50dc426c672fd24e,"Rio de Janeiro, RJ, Brasil",0
2026-02-02,0x9bde559108a05b:0x50dc426c672fd24e,"Rio de Janeiro, RJ, Brasil",0
2026-02-03,0x9bde559108a05b:0x50dc426c672fd24e,"Rio de Janeiro, RJ, Brasil",0
2026-02-04,0x9bde559108a05b:0x50dc426c672fd24e,"Rio de Janeiro, RJ, Brasil",0
2026-02-05,0x9bde559108a05b:0x50dc426c672fd24e,"Rio de Janeiro, RJ, Brasil",25
2026-02-06,0x9bde559108a05b:0x50dc426c672fd24e,"Rio de Janeiro, RJ, Brasil",0
2026-02-07,0x9bde559108a05b:0x50dc426c672fd24e,"Rio de Janeiro, RJ, Brasil",13
2026-02-08,0x9bde559108a05b:0x50dc426c672fd24e,"Rio de Janeiro, RJ, Brasil",0
2026-02-09,0x9bde559108a05b:0x50dc426c672fd24e,"Rio de Janeiro, RJ, Brasil",0
2026-02-10,0x9bde559108a05b:0x50dc426c672fd24e,"Rio de Janeiro, RJ, Brasil",0
2026-02-11,0x9bde559108a05b:0x50dc426c672fd24e,"Rio de Janeiro, RJ, Brasil",0
2026-02-12,0x9bde559108a05b:0x50dc426c672fd24e,"Rio de Janeiro, RJ, Brasil",46
2026-02-13,0x9bde559108a05b:0x50dc426c672fd24e,"Rio de Janeiro, RJ, Brasil",0
2026-02-14,0x9bde559108a05b:0x50dc426c672fd24e,"Rio de Janeiro, RJ, Brasil",0
2026-02-15,0x9bde559108a05b:0x50dc426c672fd24e,"Rio de Janeiro, RJ, Brasil",0
2026-02-16,0x9bde559108a05b:0x50dc426c672fd24e,"Rio de Janeiro, RJ, Brasil",0
2026-02-17,0x9bde559108a05b:0x50dc426c672fd24e,"Rio de Janeiro, RJ, Brasil",0
2026-02-18,0x9bde559108a05b:0x50dc426c672fd24e,"Rio de Janeiro, RJ, Brasil",28
2026-02-19,0x9bde559108a05b:0x50dc426c672fd24e,"Rio de Janeiro, RJ, Brasil",0
2026-02-20,0x9bde559108a05b:0x50dc426c672fd24e,"Rio de Janeiro, RJ, Brasil",61
2026-02-21,0x9bde559108a05b:0x50dc426c672fd24e,"Rio de Janeiro, RJ, Brasil",0
2026-02-22,0x9bde559108a05b:0x50dc426c672fd24e,"Rio de Janeiro, RJ, Brasil",0
2026-02-23,0x9bde559108a05b:0x50dc426c672fd24e,"Rio de Janeiro, RJ, Brasil",0
2026-02-24,0x9bde559108a05b:0x50dc426c672fd24e,"Rio de Janeiro, RJ, Brasil",21
2026-02-25,0x9bde559108a05b:0x50dc426c672fd24e,"Rio de Janeiro, RJ, Brasil",0
2026-02-26,0x9bde559108a05b:0x50dc426c672fd24e,"Rio de Janeiro, RJ, Brasil",0
2026-02-27,0x9bde559108a05b:0x50dc426c672fd24e,"Rio de Janeiro, RJ, Brasil",24
2026-02-28,0x9bde559108a05b:0x50dc426c672fd24e,"Rio de Janeiro, RJ, Brasil",38
2026-03-01,0x9bde559108a05b:0x50dc426c672fd24e,"Rio de Janeiro, RJ, Brasil",0
2026-03-02,0x9bde559108a05b:0x50dc426c672fd24e,"Rio de Janeiro, RJ, Brasil",0
2026-03-03,0x9bde559108a05b:0x50dc426c672fd24e,"Rio de Janeiro, RJ, Brasil",0
2026-03-04,0x9bde559108a05b:0x50dc426c672fd24e,"Rio de Janeiro, RJ, Brasil",30
2026-03-05,0x9bde559108a05b:0x50dc426c672fd24e,"Rio de Janeiro, RJ, Brasil",0
2026-03-06,0x9bde559108a05b:0x50dc426c672fd24e,"Rio de Janeiro, RJ, Brasil",0
2026-03-07,0x9bde559108a05b:0x50dc426c672fd24e,"Rio de Janeiro, RJ, Brasil",0
2026-03-08,0x9bde559108a05b:0x50dc426c672fd24e,"Rio de Janeiro, RJ, Brasil",0
2026-03-09,0x9bde559108a05b:0x50dc426c672fd24e,"Rio de Janeiro, RJ, Brasil",0
2026-03-10,0x9bde559108a05b:0x50dc426c672fd24e,"Rio de Janeiro, RJ, Brasil",0
2026-03-11,0x9bde559108a05b:0x50dc426c672fd24e,"Rio de Janeiro, RJ, Brasil",21
2026-03-12,0x9bde559108a05b:0x50dc426c672fd24e,"Rio de Janeiro, RJ, Brasil",0
2026-03-13,0x9bde559108a05b:0x50dc426c672fd24e,"Rio de Janeiro, RJ, Brasil",0
2026-03-14,0x9bde559108a05b:0x50dc426c672fd24e,"Rio de Janeiro, RJ, Brasil",0
2026-03-15,0x9bde559108a05b:0x50dc426c672fd24e,"Rio de Janeiro, RJ, Brasil",0
2026-03-16,0x9bde559108a05b:0x50dc426c672fd24e,"Rio de Janeiro, RJ, Brasil",0
2026-03-17,0x9bde559108a05b:0x50dc426c672fd24e,"Rio de Janeiro, RJ, Brasil",0
2026-03-18,0x9bde559108a05b:0x50dc426c672fd24e,"Rio de Janeiro, RJ, Brasil",24
2026-03-19,0x9bde559108a05b:0x50dc426c672fd24e,"Rio de Janeiro, RJ, Brasil",26
2026-03-20,0x9bde559108a05b:0x50dc426c672fd24e,"Rio de Janeiro, RJ, Brasil",0
2026-03-21,0x9bde559108a05b:0x50dc426c672fd24e,"Rio de Janeiro, RJ, Brasil",0
2026-03-22,0x9bde559108a05b:0x50dc426c672fd24e,"Rio de Janeiro, RJ, Brasil",0
2026-03-23,0x9bde559108a05b:0x50dc426c672fd24e,"Rio de Janeiro, RJ, Brasil",0
2026-03-24,0x9bde559108a05b:0x50dc426c672fd24e,"Rio de Janeiro, RJ, Brasil",0
2026-03-25,0x9bde559108a05b:0x50dc426c672fd24e,"Rio de Janeiro, RJ, Brasil",21
2026-03-26,0x9bde559108a05b:0x50dc426c672fd24e,"Rio de Janeiro, RJ, Brasil",0
2026-03-27,0x9bde559108a05b:0x50dc426c672fd24e,"Rio de Janeiro, RJ, Brasil",18
2026-03-28,0x9bde559108a05b:0x50dc426c672fd24e,"Rio de Janeiro, RJ, Brasil",0
2026-03-29,0x9bde559108a05b:0x50dc426c672fd24e,"Rio de Janeiro, RJ, Brasil",0
2026-03-30,0x9bde559108a05b:0x50dc426c672fd24e,"Rio de Janeiro, RJ, Brasil",0
2026-03-31,0x9bde559108a05b:0x50dc426c672fd24e,"Rio de Janeiro, RJ, Brasil",0
2026-04-01,0x9bde559108a05b:0x50dc426c672fd24e,"Rio de Janeiro, RJ, Brasil",34
2026-04-02,0x9bde559108a05b:0x50dc426c672fd24e,"Rio de Janeiro, RJ, Brasil",0
2026-04-03,0x9bde559108a05b:0x50dc426c672fd24e,"Rio de Janeiro, RJ, Brasil",0
2026-04-04,0x9bde559108a05b:0x50dc426c672fd24e,"Rio de Janeiro, RJ, Brasil",0
2026-04-05,0x9bde559108a05b:0x50dc426c672fd24e,"Rio de Janeiro, RJ, Brasil",0
2026-04-06,0x9bde559108a05b:0x50dc426c672fd24e,"Rio de Janeiro, RJ, Brasil",0
2026-04-07,0x9bde559108a05b:0x50dc426c672fd24e,"Rio de Janeiro, RJ, Brasil",0
2026-04-08,0x9bde559108a05b:0x50dc426c672fd24e,"Rio de Janeiro, RJ, Brasil",0
2026-01-09,0xa690cacacf2c33:0x5b35795e3ad23997,"Belo Horizonte, MG, Brasil",0
2026-01-10,0xa690cacacf2c33:0x5b35795e3ad23997,"Belo Horizonte, MG, Brasil",0
2026-01-11,0xa690cacacf2c33:0x5b35795e3ad23997,"Belo Horizonte, MG, Brasil",0
2026-01-12,0xa690cacacf2c33:0x5b35795e3ad23997,"Belo Horizonte, MG, Brasil",0
2026-01-13,0xa690cacacf2c33:0x5b35795e3ad23997,"Belo Horizonte, MG, Brasil",0
2026-01-14,0xa690cacacf2c33:0x5b35795e3ad23997,"Belo Horizonte, MG, Brasil",0
2026-01-15,0xa690cacacf2c33:0x5b35795e3ad23997,"Belo Horizonte, MG, Brasil",0
2026-01-16,0xa690cacacf2c33:0x5b35795e3ad23997,"Belo Horizonte, MG, Brasil",0
2026-01-17,0xa690cacacf2c33:0x5b35795e3ad23997,"Belo Horizonte, MG, Brasil",24
2026-01-18,0xa690cacacf2c33:0x5b35795e3ad23997,"Belo Horizonte, MG, Brasil",0
2026-01-19,0xa690cacacf2c33:0x5b35795e3ad23997,"Belo Horizonte, MG, Brasil",0
2026-01-20,0xa690cacacf2c33:0x5b35795e3ad23997,"Belo Horizonte, MG, Brasil",0
2026-01-21,0xa690cacacf2c33:0x5b35795e3ad23997,"Belo Horizonte, MG, Brasil",0
2026-01-22,0xa690cacacf2c33:0x5b35795e3ad23997,"Belo Horizonte, MG, Brasil",0
2026-01-23,0xa690cacacf2c33:0x5b35795e3ad23997,"Belo Horizonte, MG, Brasil",0
2026-01-24,0xa690cacacf2c33:0x5b35795e3ad23997,"Belo Horizonte, MG, Brasil",0
2026-01-25,0xa690cacacf2c33:0x5b35795e3ad23997,"Belo Horizonte, MG, Brasil",0
2026-01-26,0xa690cacacf2c33:0x5b35795e3ad23997,"Belo Horizonte, MG, Brasil",0
2026-01-27,0xa690cacacf2c33:0x5b35795e3ad23997,"Belo Horizonte, MG, Brasil",0
2026-01-28,0xa690cacacf2c33:0x5b35795e3ad23997,"Belo Horizonte, MG, Brasil",0
2026-01-29,0xa690cacacf2c33:0x5b35795e3ad23997,"Belo Horizonte, MG, Brasil",0
2026-01-30,0xa690cacacf2c33:0x5b35795e3ad23997,"Belo Horizonte, MG, Brasil",0
2026-01-31,0xa690cacacf2c33:0x5b35795e3ad23997,"Belo Horizonte, MG, Brasil",0
2026-02-01,0xa690cacacf2c33:0x5b35795e3ad23997,"Belo Horizonte, MG, Brasil",0
2026-02-02,0xa690cacacf2c33:0x5b35795e3ad23997,"Belo Horizonte, MG, Brasil",0
2026-02-03,0xa690cacacf2c33:0x5b35795e3ad23997,"Belo Horizonte, MG, Brasil",0
2026-02-04,0xa690cacacf2c33:0x5b35795e3ad23997,"Belo Horizonte, MG, Brasil",0
2026-02-05,0xa690cacacf2c33:0x5b35795e3ad23997,"Belo Horizonte, MG, Brasil",0
2026-02-06,0xa690cacacf2c33:0x5b35795e3ad23997,"Belo Horizonte, MG, Brasil",0
2026-02-07,0xa690cacacf2c33:0x5b35795e3ad23997,"Belo Horizonte, MG, Brasil",0
2026-02-08,0xa690cacacf2c33:0x5b35795e3ad23997,"Belo Horizonte, MG, Brasil",0
2026-02-09,0xa690cacacf2c33:0x5b35795e3ad23997,"Belo Horizonte, MG, Brasil",0
2026-02-10,0xa690cacacf2c33:0x5b35795e3ad23997,"Belo Horizonte, MG, Brasil",0
2026-02-11,0xa690cacacf2c33:0x5b35795e3ad23997,"Belo Horizonte, MG, Brasil",0
2026-02-12,0xa690cacacf2c33:0x5b35795e3ad23997,"Belo Horizonte, MG, Brasil",24
2026-02-13,0xa690cacacf2c33:0x5b35795e3ad23997,"Belo Horizonte, MG, Brasil",0
2026-02-14,0xa690cacacf2c33:0x5b35795e3ad23997,"Belo Horizonte, MG, Brasil",0
2026-02-15,0xa690cacacf2c33:0x5b35795e3ad23997,"Belo Horizonte, MG, Brasil",0
2026-02-16,0xa690cacacf2c33:0x5b35795e3ad23997,"Belo Horizonte, MG, Brasil",0
2026-02-17,0xa690cacacf2c33:0x5b35795e3ad23997,"Belo Horizonte, MG, Brasil",0
2026-02-18,0xa690cacacf2c33:0x5b35795e3ad23997,"Belo Horizonte, MG, Brasil",0
2026-02-19,0xa690cacacf2c33:0x5b35795e3ad23997,"Belo Horizonte, MG, Brasil",0
2026-02-20,0xa690cacacf2c33:0x5b35795e3ad23997,"Belo Horizonte, MG, Brasil",39
2026-02-21,0xa690cacacf2c33:0x5b35795e3ad23997,"Belo Horizonte, MG, Brasil",0
2026-02-22,0xa690cacacf2c33:0x5b35795e3ad23997,"Belo Horizonte, MG, Brasil",0
2026-02-23,0xa690cacacf2c33:0x5b35795e3ad23997,"Belo Horizonte, MG, Brasil",0
2026-02-24,0xa690cacacf2c33:0x5b35795e3ad23997,"Belo Horizonte, MG, Brasil",14
2026-02-25,0xa690cacacf2c33:0x5b35795e3ad23997,"Belo Horizonte, MG, Brasil",0
2026-02-26,0xa690cacacf2c33:0x5b35795e3ad23997,"Belo Horizonte, MG, Brasil",0
2026-02-27,0xa690cacacf2c33:0x5b35795e3ad23997,"Belo Horizonte, MG, Brasil",0
2026-02-28,0xa690cacacf2c33:0x5b35795e3ad23997,"Belo Horizonte, MG, Brasil",0
2026-03-01,0xa690cacacf2c33:0x5b35795e3ad23997,"Belo Horizonte, MG, Brasil",0
2026-03-02,0xa690cacacf2c33:0x5b35795e3ad23997,"Belo Horizonte, MG, Brasil",0
2026-03-03,0xa690cacacf2c33:0x5b35795e3ad23997,"Belo Horizonte, MG, Brasil",0
2026-03-04,0xa690cacacf2c33:0x5b35795e3ad23997,"Belo Horizonte, MG, Brasil",0
2026-03-05,0xa690cacacf2c33:0x5b35795e3ad23997,"Belo Horizonte, MG, Brasil",0
2026-03-06,0xa690cacacf2c33:0x5b35795e3ad23997,"Belo Horizonte, MG, Brasil",0
2026-03-07,0xa690cacacf2c33:0x5b35795e3ad23997,"Belo Horizonte, MG, Brasil",0
2026-03-08,0xa690cacacf2c33:0x5b35795e3ad23997,"Belo Horizonte, MG, Brasil",0
2026-03-09,0xa690cacacf2c33:0x5b35795e3ad23997,"Belo Horizonte, MG, Brasil",0
2026-03-10,0xa690cacacf2c33:0x5b35795e3ad23997,"Belo Horizonte, MG, Brasil",0
2026-03-11,0xa690cacacf2c33:0x5b35795e3ad23997,"Belo Horizonte, MG, Brasil",25
2026-03-12,0xa690cacacf2c33:0x5b35795e3ad23997,"Belo Horizonte, MG, Brasil",0
2026-03-13,0xa690cacacf2c33:0x5b35795e3ad23997,"Belo Horizonte, MG, Brasil",0
2026-03-14,0xa690cacacf2c33:0x5b35795e3ad23997,"Belo Horizonte, MG, Brasil",0
2026-03-15,0xa690cacacf2c33:0x5b35795e3ad23997,"Belo Horizonte, MG, Brasil",0
2026-03-16,0xa690cacacf2c33:0x5b35795e3ad23997,"Belo Horizonte, MG, Brasil",0
2026-03-17,0xa690cacacf2c33:0x5b35795e3ad23997,"Belo Horizonte, MG, Brasil",0
2026-03-18,0xa690cacacf2c33:0x5b35795e3ad23997,"Belo Horizonte, MG, Brasil",0
2026-03-19,0xa690cacacf2c33:0x5b35795e3ad23997,"Belo Horizonte, MG, Brasil",0
2026-03-20,0xa690cacacf2c33:0x5b35795e3ad23997,"Belo Horizonte, MG, Brasil",0
2026-03-21,0xa690cacacf2c33:0x5b35795e3ad23997,"Belo Horizonte, MG, Brasil",0
2026-03-22,0xa690cacacf2c33:0x5b35795e3ad23997,"Belo Horizonte, MG, Brasil",0
2026-03-23,0xa690cacacf2c33:0x5b35795e3ad23997,"Belo Horizonte, MG, Brasil",0
2026-03-24,0xa690cacacf2c33:0x5b35795e3ad23997,"Belo Horizonte, MG, Brasil",0
2026-03-25,0xa690cacacf2c33:0x5b35795e3ad23997,"Belo Horizonte, MG, Brasil",0
2026-03-26,0xa690cacacf2c33:0x5b35795e3ad23997,"Belo Horizonte, MG, Brasil",0
2026-03-27,0xa690cacacf2c33:0x5b35795e3ad23997,"Belo Horizonte, MG, Brasil",0
2026-03-28,0xa690cacacf2c33:0x5b35795e3ad23997,"Belo Horizonte, MG, Brasil",0
2026-03-29,0xa690cacacf2c33:0x5b35795e3ad23997,"Belo Horizonte, MG, Brasil",0
2026-03-30,0xa690cacacf2c33:0x5b35795e3ad23997,"Belo Horizonte, MG, Brasil",0
2026-03-31,0xa690cacacf2c33:0x5b35795e3ad23997,"Belo Horizonte, MG, Brasil",0
2026-04-01,0xa690cacacf2c33:0x5b35795e3ad23997,"Belo Horizonte, MG, Brasil",0
2026-04-02,0xa690cacacf2c33:0x5b35795e3ad23997,"Belo Horizonte, MG, Brasil",0
2026-04-03,0xa690cacacf2c33:0x5b35795e3ad23997,"Belo Horizonte, MG, Brasil",0
2026-04-04,0xa690cacacf2c33:0x5b35795e3ad23997,"Belo Horizonte, MG, Brasil",0
2026-04-05,0xa690cacacf2c33:0x5b35795e3ad23997,"Belo Horizonte, MG, Brasil",0
2026-04-06,0xa690cacacf2c33:0x5b35795e3ad23997,"Belo Horizonte, MG, Brasil",0
2026-04-07,0xa690cacacf2c33:0x5b35795e3ad23997,"Belo Horizonte, MG, Brasil",0
2026-04-08,0xa690cacacf2c33:0x5b35795e3ad23997,"Belo Horizonte, MG, Brasil",0
