Data,Conteúdo,Título do vídeo,Horário de publicação do vídeo,Duração,Visualizações
2026-01-09,8c1UKsqunzo,Lançamento Xiaomi Redmi A5,"Mar 28, 2025",36,44
2026-01-10,8c1UKsqunzo,Lançamento Xiaomi Redmi A5,"Mar 28, 2025",36,58
2026-01-11,8c1UKsqunzo,Lançamento Xiaomi Redmi A5,"Mar 28, 2025",36,20
2026-01-12,8c1UKsqunzo,Lançamento Xiaomi Redmi A5,"Mar 28, 2025",36,37
2026-01-13,8c1UKsqunzo,Lançamento Xiaomi Redmi A5,"Mar 28, 2025",36,22
2026-01-14,8c1UKsqunzo,Lançamento Xiaomi Redmi A5,"Mar 28, 2025",36,44
2026-01-15,8c1UKsqunzo,Lançamento Xiaomi Redmi A5,"Mar 28, 2025",36,33
2026-01-16,8c1UKsqunzo,Lançamento Xiaomi Redmi A5,"Mar 28, 2025",36,25
2026-01-17,8c1UKsqunzo,Lançamento Xiaomi Redmi A5,"Mar 28, 2025",36,31
2026-01-18,8c1UKsqunzo,Lançamento Xiaomi Redmi A5,"Mar 28, 2025",36,31
2026-01-19,8c1UKsqunzo,Lançamento Xiaomi Redmi A5,"Mar 28, 2025",36,55
2026-01-20,8c1UKsqunzo,Lançamento Xiaomi Redmi A5,"Mar 28, 2025",36,22
2026-01-21,8c1UKsqunzo,Lançamento Xiaomi Redmi A5,"Mar 28, 2025",36,38
2026-01-22,8c1UKsqunzo,Lançamento Xiaomi Redmi A5,"Mar 28, 2025",36,28
2026-01-23,8c1UKsqunzo,Lançamento Xiaomi Redmi A5,"Mar 28, 2025",36,40
2026-01-24,8c1UKsqunzo,Lançamento Xiaomi Redmi A5,"Mar 28, 2025",36,39
2026-01-25,8c1UKsqunzo,Lançamento Xiaomi Redmi A5,"Mar 28, 2025",36,27
2026-01-26,8c1UKsqunzo,Lançamento Xiaomi Redmi A5,"Mar 28, 2025",36,39
2026-01-27,8c1UKsqunzo,Lançamento Xiaomi Redmi A5,"Mar 28, 2025",36,25
2026-01-28,8c1UKsqunzo,Lançamento Xiaomi Redmi A5,"Mar 28, 2025",36,26
2026-01-29,8c1UKsqunzo,Lançamento Xiaomi Redmi A5,"Mar 28, 2025",36,36
2026-01-30,8c1UKsqunzo,Lançamento Xiaomi Redmi A5,"Mar 28, 2025",36,26
2026-01-31,8c1UKsqunzo,Lançamento Xiaomi Redmi A5,"Mar 28, 2025",36,36
2026-02-01,8c1UKsqunzo,Lançamento Xiaomi Redmi A5,"Mar 28, 2025",36,30
2026-02-02,8c1UKsqunzo,Lançamento Xiaomi Redmi A5,"Mar 28, 2025",36,17
2026-02-03,8c1UKsqunzo,Lançamento Xiaomi Redmi A5,"Mar 28, 2025",36,35
2026-02-04,8c1UKsqunzo,Lançamento Xiaomi Redmi A5,"Mar 28, 2025",36,23
2026-02-05,8c1UKsqunzo,Lançamento Xiaomi Redmi A5,"Mar 28, 2025",36,33
2026-02-06,8c1UKsqunzo,Lançamento Xiaomi Redmi A5,"Mar 28, 2025",36,34
2026-02-07,8c1UKsqunzo,Lançamento Xiaomi Redmi A5,"Mar 28, 2025",36,20
2026-02-08,8c1UKsqunzo,Lançamento Xiaomi Redmi A5,"Mar 28, 2025",36,24
2026-02-09,8c1UKsqunzo,Lançamento Xiaomi Redmi A5,"Mar 28, 2025",36,30
2026-02-10,8c1UKsqunzo,Lançamento Xiaomi Redmi A5,"Mar 28, 2025",36,27
2026-02-11,8c1UKsqunzo,Lançamento Xiaomi Redmi A5,"Mar 28, 2025",36,14
2026-02-12,8c1UKsqunzo,Lançamento Xiaomi Redmi A5,"Mar 28, 2025",36,12
2026-02-13,8c1UKsqunzo,Lançamento Xiaomi Redmi A5,"Mar 28, 2025",36,12
2026-02-14,8c1UKsqunzo,Lançamento Xiaomi Redmi A5,"Mar 28, 2025",36,20
2026-02-15,8c1UKsqunzo,Lançamento Xiaomi Redmi A5,"Mar 28, 2025",36,24
2026-02-16,8c1UKsqunzo,Lançamento Xiaomi Redmi A5,"Mar 28, 2025",36,36
2026-02-17,8c1UKsqunzo,Lançamento Xiaomi Redmi A5,"Mar 28, 2025",36,25
2026-02-18,8c1UKsqunzo,Lançamento Xiaomi Redmi A5,"Mar 28, 2025",36,31
2026-02-19,8c1UKsqunzo,Lançamento Xiaomi Redmi A5,"Mar 28, 2025",36,46
2026-02-20,8c1UKsqunzo,Lançamento Xiaomi Redmi A5,"Mar 28, 2025",36,44
2026-02-21,8c1UKsqunzo,Lançamento Xiaomi Redmi A5,"Mar 28, 2025",36,37
2026-02-22,8c1UKsqunzo,Lançamento Xiaomi Redmi A5,"Mar 28, 2025",36,52
2026-02-23,8c1UKsqunzo,Lançamento Xiaomi Redmi A5,"Mar 28, 2025",36,23
2026-02-24,8c1UKsqunzo,Lançamento Xiaomi Redmi A5,"Mar 28, 2025",36,56
2026-02-25,8c1UKsqunzo,Lançamento Xiaomi Redmi A5,"Mar 28, 2025",36,32
2026-02-26,8c1UKsqunzo,Lançamento Xiaomi Redmi A5,"Mar 28, 2025",36,45
2026-02-27,8c1UKsqunzo,Lançamento Xiaomi Redmi A5,"Mar 28, 2025",36,25
2026-02-28,8c1UKsqunzo,Lançamento Xiaomi Redmi A5,"Mar 28, 2025",36,32
2026-03-01,8c1UKsqunzo,Lançamento Xiaomi Redmi A5,"Mar 28, 2025",36,28
2026-03-02,8c1UKsqunzo,Lançamento Xiaomi Redmi A5,"Mar 28, 2025",36,41
2026-03-03,8c1UKsqunzo,Lançamento Xiaomi Redmi A5,"Mar 28, 2025",36,38
2026-03-04,8c1UKsqunzo,Lançamento Xiaomi Redmi A5,"Mar 28, 2025",36,51
2026-03-05,8c1UKsqunzo,Lançamento Xiaomi Redmi A5,"Mar 28, 2025",36,43
2026-03-06,8c1UKsqunzo,Lançamento Xiaomi Redmi A5,"Mar 28, 2025",36,56
2026-03-07,8c1UKsqunzo,Lançamento Xiaomi Redmi A5,"Mar 28, 2025",36,61
2026-03-08,8c1UKsqunzo,Lançamento Xiaomi Redmi A5,"Mar 28, 2025",36,56
2026-03-09,8c1UKsqunzo,Lançamento Xiaomi Redmi A5,"Mar 28, 2025",36,29
2026-03-10,8c1UKsqunzo,Lançamento Xiaomi Redmi A5,"Mar 28, 2025",36,69
2026-03-11,8c1UKsqunzo,Lançamento Xiaomi Redmi A5,"Mar 28, 2025",36,63
2026-03-12,8c1UKsqunzo,Lançamento Xiaomi Redmi A5,"Mar 28, 2025",36,37
2026-03-13,8c1UKsqunzo,Lançamento Xiaomi Redmi A5,"Mar 28, 2025",36,33
2026-03-14,8c1UKsqunzo,Lançamento Xiaomi Redmi A5,"Mar 28, 2025",36,87
2026-03-15,8c1UKsqunzo,Lançamento Xiaomi Redmi A5,"Mar 28, 2025",36,43
2026-03-16,8c1UKsqunzo,Lançamento Xiaomi Redmi A5,"Mar 28, 2025",36,61
2026-03-17,8c1UKsqunzo,Lançamento Xiaomi Redmi A5,"Mar 28, 2025",36,37
2026-03-18,8c1UKsqunzo,Lançamento Xiaomi Redmi A5,"Mar 28, 2025",36,61
2026-03-19,8c1UKsqunzo,Lançamento Xiaomi Redmi A5,"Mar 28, 2025",36,44
2026-03-20,8c1UKsqunzo,Lançamento Xiaomi Redmi A5,"Mar 28, 2025",36,54
2026-03-21,8c1UKsqunzo,Lançamento Xiaomi Redmi A5,"Mar 28, 2025",36,63
2026-03-22,8c1UKsqunzo,Lançamento Xiaomi Redmi A5,"Mar 28, 2025",36,32
2026-03-23,8c1UKsqunzo,Lançamento Xiaomi Redmi A5,"Mar 28, 2025",36,54
2026-03-24,8c1UKsqunzo,Lançamento Xiaomi Redmi A5,"Mar 28, 2025",36,35
2026-03-25,8c1UKsqunzo,Lançamento Xiaomi Redmi A5,"Mar 28, 2025",36,49
2026-03-26,8c1UKsqunzo,Lançamento Xiaomi Redmi A5,"Mar 28, 2025",36,57
2026-03-27,8c1UKsqunzo,Lançamento Xiaomi Redmi A5,"Mar 28, 2025",36,30
2026-03-28,8c1UKsqunzo,Lançamento Xiaomi Redmi A5,"Mar 28, 2025",36,29
2026-03-29,8c1UKsqunzo,Lançamento Xiaomi Redmi A5,"Mar 28, 2025",36,28
2026-03-30,8c1UKsqunzo,Lançamento Xiaomi Redmi A5,"Mar 28, 2025",36,31
2026-03-31,8c1UKsqunzo,Lançamento Xiaomi Redmi A5,"Mar 28, 2025",36,32
2026-04-01,8c1UKsqunzo,Lançamento Xiaomi Redmi A5,"Mar 28, 2025",36,30
2026-04-02,8c1UKsqunzo,Lançamento Xiaomi Redmi A5,"Mar 28, 2025",36,43
2026-04-03,8c1UKsqunzo,Lançamento Xiaomi Redmi A5,"Mar 28, 2025",36,23
2026-04-04,8c1UKsqunzo,Lançamento Xiaomi Redmi A5,"Mar 28, 2025",36,26
2026-04-05,8c1UKsqunzo,Lançamento Xiaomi Redmi A5,"Mar 28, 2025",36,30
2026-04-06,8c1UKsqunzo,Lançamento Xiaomi Redmi A5,"Mar 28, 2025",36,37
2026-04-07,8c1UKsqunzo,Lançamento Xiaomi Redmi A5,"Mar 28, 2025",36,33
2026-04-08,8c1UKsqunzo,Lançamento Xiaomi Redmi A5,"Mar 28, 2025",36,42
2026-01-09,UVMoR77uaRM,O final KKKKKK 😭😂 Se vai errar… que pelo menos esteja cheirando bem 😌✨,"Feb 18, 2026",17,0
2026-01-10,UVMoR77uaRM,O final KKKKKK 😭😂 Se vai errar… que pelo menos esteja cheirando bem 😌✨,"Feb 18, 2026",17,0
2026-01-11,UVMoR77uaRM,O final KKKKKK 😭😂 Se vai errar… que pelo menos esteja cheirando bem 😌✨,"Feb 18, 2026",17,0
2026-01-12,UVMoR77uaRM,O final KKKKKK 😭😂 Se vai errar… que pelo menos esteja cheirando bem 😌✨,"Feb 18, 2026",17,0
2026-01-13,UVMoR77uaRM,O final KKKKKK 😭😂 Se vai errar… que pelo menos esteja cheirando bem 😌✨,"Feb 18, 2026",17,0
2026-01-14,UVMoR77uaRM,O final KKKKKK 😭😂 Se vai errar… que pelo menos esteja cheirando bem 😌✨,"Feb 18, 2026",17,0
2026-01-15,UVMoR77uaRM,O final KKKKKK 😭😂 Se vai errar… que pelo menos esteja cheirando bem 😌✨,"Feb 18, 2026",17,0
2026-01-16,UVMoR77uaRM,O final KKKKKK 😭😂 Se vai errar… que pelo menos esteja cheirando bem 😌✨,"Feb 18, 2026",17,0
2026-01-17,UVMoR77uaRM,O final KKKKKK 😭😂 Se vai errar… que pelo menos esteja cheirando bem 😌✨,"Feb 18, 2026",17,0
2026-01-18,UVMoR77uaRM,O final KKKKKK 😭😂 Se vai errar… que pelo menos esteja cheirando bem 😌✨,"Feb 18, 2026",17,0
2026-01-19,UVMoR77uaRM,O final KKKKKK 😭😂 Se vai errar… que pelo menos esteja cheirando bem 😌✨,"Feb 18, 2026",17,0
2026-01-20,UVMoR77uaRM,O final KKKKKK 😭😂 Se vai errar… que pelo menos esteja cheirando bem 😌✨,"Feb 18, 2026",17,0
2026-01-21,UVMoR77uaRM,O final KKKKKK 😭😂 Se vai errar… que pelo menos esteja cheirando bem 😌✨,"Feb 18, 2026",17,0
2026-01-22,UVMoR77uaRM,O final KKKKKK 😭😂 Se vai errar… que pelo menos esteja cheirando bem 😌✨,"Feb 18, 2026",17,0
2026-01-23,UVMoR77uaRM,O final KKKKKK 😭😂 Se vai errar… que pelo menos esteja cheirando bem 😌✨,"Feb 18, 2026",17,0
2026-01-24,UVMoR77uaRM,O final KKKKKK 😭😂 Se vai errar… que pelo menos esteja cheirando bem 😌✨,"Feb 18, 2026",17,0
2026-01-25,UVMoR77uaRM,O final KKKKKK 😭😂 Se vai errar… que pelo menos esteja cheirando bem 😌✨,"Feb 18, 2026",17,0
2026-01-26,UVMoR77uaRM,O final KKKKKK 😭😂 Se vai errar… que pelo menos esteja cheirando bem 😌✨,"Feb 18, 2026",17,0
2026-01-27,UVMoR77uaRM,O final KKKKKK 😭😂 Se vai errar… que pelo menos esteja cheirando bem 😌✨,"Feb 18, 2026",17,0
2026-01-28,UVMoR77uaRM,O final KKKKKK 😭😂 Se vai errar… que pelo menos esteja cheirando bem 😌✨,"Feb 18, 2026",17,0
2026-01-29,UVMoR77uaRM,O final KKKKKK 😭😂 Se vai errar… que pelo menos esteja cheirando bem 😌✨,"Feb 18, 2026",17,0
2026-01-30,UVMoR77uaRM,O final KKKKKK 😭😂 Se vai errar… que pelo menos esteja cheirando bem 😌✨,"Feb 18, 2026",17,0
2026-01-31,UVMoR77uaRM,O final KKKKKK 😭😂 Se vai errar… que pelo menos esteja cheirando bem 😌✨,"Feb 18, 2026",17,0
2026-02-01,UVMoR77uaRM,O final KKKKKK 😭😂 Se vai errar… que pelo menos esteja cheirando bem 😌✨,"Feb 18, 2026",17,0
2026-02-02,UVMoR77uaRM,O final KKKKKK 😭😂 Se vai errar… que pelo menos esteja cheirando bem 😌✨,"Feb 18, 2026",17,0
2026-02-03,UVMoR77uaRM,O final KKKKKK 😭😂 Se vai errar… que pelo menos esteja cheirando bem 😌✨,"Feb 18, 2026",17,0
2026-02-04,UVMoR77uaRM,O final KKKKKK 😭😂 Se vai errar… que pelo menos esteja cheirando bem 😌✨,"Feb 18, 2026",17,0
2026-02-05,UVMoR77uaRM,O final KKKKKK 😭😂 Se vai errar… que pelo menos esteja cheirando bem 😌✨,"Feb 18, 2026",17,0
2026-02-06,UVMoR77uaRM,O final KKKKKK 😭😂 Se vai errar… que pelo menos esteja cheirando bem 😌✨,"Feb 18, 2026",17,0
2026-02-07,UVMoR77uaRM,O final KKKKKK 😭😂 Se vai errar… que pelo menos esteja cheirando bem 😌✨,"Feb 18, 2026",17,0
2026-02-08,UVMoR77uaRM,O final KKKKKK 😭😂 Se vai errar… que pelo menos esteja cheirando bem 😌✨,"Feb 18, 2026",17,0
2026-02-09,UVMoR77uaRM,O final KKKKKK 😭😂 Se vai errar… que pelo menos esteja cheirando bem 😌✨,"Feb 18, 2026",17,0
2026-02-10,UVMoR77uaRM,O final KKKKKK 😭😂 Se vai errar… que pelo menos esteja cheirando bem 😌✨,"Feb 18, 2026",17,0
2026-02-11,UVMoR77uaRM,O final KKKKKK 😭😂 Se vai errar… que pelo menos esteja cheirando bem 😌✨,"Feb 18, 2026",17,0
2026-02-12,UVMoR77uaRM,O final KKKKKK 😭😂 Se vai errar… que pelo menos esteja cheirando bem 😌✨,"Feb 18, 2026",17,0
2026-02-13,UVMoR77uaRM,O final KKKKKK 😭😂 Se vai errar… que pelo menos esteja cheirando bem 😌✨,"Feb 18, 2026",17,0
2026-02-14,UVMoR77uaRM,O final KKKKKK 😭😂 Se vai errar… que pelo menos esteja cheirando bem 😌✨,"Feb 18, 2026",17,0
2026-02-15,UVMoR77uaRM,O final KKKKKK 😭😂 Se vai errar… que pelo menos esteja cheirando bem 😌✨,"Feb 18, 2026",17,0
2026-02-16,UVMoR77uaRM,O final KKKKKK 😭😂 Se vai errar… que pelo menos esteja cheirando bem 😌✨,"Feb 18, 2026",17,0
2026-02-17,UVMoR77uaRM,O final KKKKKK 😭😂 Se vai errar… que pelo menos esteja cheirando bem 😌✨,"Feb 18, 2026",17,0
2026-02-18,UVMoR77uaRM,O final KKKKKK 😭😂 Se vai errar… que pelo menos esteja cheirando bem 😌✨,"Feb 18, 2026",17,1290
2026-02-19,UVMoR77uaRM,O final KKKKKK 😭😂 Se vai errar… que pelo menos esteja cheirando bem 😌✨,"Feb 18, 2026",17,285
2026-02-20,UVMoR77uaRM,O final KKKKKK 😭😂 Se vai errar… que pelo menos esteja cheirando bem 😌✨,"Feb 18, 2026",17,1710
2026-02-21,UVMoR77uaRM,O final KKKKKK 😭😂 Se vai errar… que pelo menos esteja cheirando bem 😌✨,"Feb 18, 2026",17,211
2026-02-22,UVMoR77uaRM,O final KKKKKK 😭😂 Se vai errar… que pelo menos esteja cheirando bem 😌✨,"Feb 18, 2026",17,46
2026-02-23,UVMoR77uaRM,O final KKKKKK 😭😂 Se vai errar… que pelo menos esteja cheirando bem 😌✨,"Feb 18, 2026",17,88
2026-02-24,UVMoR77uaRM,O final KKKKKK 😭😂 Se vai errar… que pelo menos esteja cheirando bem 😌✨,"Feb 18, 2026",17,50
2026-02-25,UVMoR77uaRM,O final KKKKKK 😭😂 Se vai errar… que pelo menos esteja cheirando bem 😌✨,"Feb 18, 2026",17,33
2026-02-26,UVMoR77uaRM,O final KKKKKK 😭😂 Se vai errar… que pelo menos esteja cheirando bem 😌✨,"Feb 18, 2026",17,25
2026-02-27,UVMoR77uaRM,O final KKKKKK 😭😂 Se vai errar… que pelo menos esteja cheirando bem 😌✨,"Feb 18, 2026",17,5
2026-02-28,UVMoR77uaRM,O final KKKKKK 😭😂 Se vai errar… que pelo menos esteja cheirando bem 😌✨,"Feb 18, 2026",17,13
2026-03-01,UVMoR77uaRM,O final KKKKKK 😭😂 Se vai errar… que pelo menos esteja cheirando bem 😌✨,"Feb 18, 2026",17,2
2026-03-02,UVMoR77uaRM,O final KKKKKK 😭😂 Se vai errar… que pelo menos esteja cheirando bem 😌✨,"Feb 18, 2026",17,2
2026-03-03,UVMoR77uaRM,O final KKKKKK 😭😂 Se vai errar… que pelo menos esteja cheirando bem 😌✨,"Feb 18, 2026",17,3
2026-03-04,UVMoR77uaRM,O final KKKKKK 😭😂 Se vai errar… que pelo menos esteja cheirando bem 😌✨,"Feb 18, 2026",17,0
2026-03-05,UVMoR77uaRM,O final KKKKKK 😭😂 Se vai errar… que pelo menos esteja cheirando bem 😌✨,"Feb 18, 2026",17,0
2026-03-06,UVMoR77uaRM,O final KKKKKK 😭😂 Se vai errar… que pelo menos esteja cheirando bem 😌✨,"Feb 18, 2026",17,0
2026-03-07,UVMoR77uaRM,O final KKKKKK 😭😂 Se vai errar… que pelo menos esteja cheirando bem 😌✨,"Feb 18, 2026",17,2
2026-03-08,UVMoR77uaRM,O final KKKKKK 😭😂 Se vai errar… que pelo menos esteja cheirando bem 😌✨,"Feb 18, 2026",17,0
2026-03-09,UVMoR77uaRM,O final KKKKKK 😭😂 Se vai errar… que pelo menos esteja cheirando bem 😌✨,"Feb 18, 2026",17,0
2026-03-10,UVMoR77uaRM,O final KKKKKK 😭😂 Se vai errar… que pelo menos esteja cheirando bem 😌✨,"Feb 18, 2026",17,0
2026-03-11,UVMoR77uaRM,O final KKKKKK 😭😂 Se vai errar… que pelo menos esteja cheirando bem 😌✨,"Feb 18, 2026",17,0
2026-03-12,UVMoR77uaRM,O final KKKKKK 😭😂 Se vai errar… que pelo menos esteja cheirando bem 😌✨,"Feb 18, 2026",17,5
2026-03-13,UVMoR77uaRM,O final KKKKKK 😭😂 Se vai errar… que pelo menos esteja cheirando bem 😌✨,"Feb 18, 2026",17,0
2026-03-14,UVMoR77uaRM,O final KKKKKK 😭😂 Se vai errar… que pelo menos esteja cheirando bem 😌✨,"Feb 18, 2026",17,0
2026-03-15,UVMoR77uaRM,O final KKKKKK 😭😂 Se vai errar… que pelo menos esteja cheirando bem 😌✨,"Feb 18, 2026",17,0
2026-03-16,UVMoR77uaRM,O final KKKKKK 😭😂 Se vai errar… que pelo menos esteja cheirando bem 😌✨,"Feb 18, 2026",17,0
2026-03-17,UVMoR77uaRM,O final KKKKKK 😭😂 Se vai errar… que pelo menos esteja cheirando bem 😌✨,"Feb 18, 2026",17,0
2026-03-18,UVMoR77uaRM,O final KKKKKK 😭😂 Se vai errar… que pelo menos esteja cheirando bem 😌✨,"Feb 18, 2026",17,0
2026-03-19,UVMoR77uaRM,O final KKKKKK 😭😂 Se vai errar… que pelo menos esteja cheirando bem 😌✨,"Feb 18, 2026",17,0
2026-03-20,UVMoR77uaRM,O final KKKKKK 😭😂 Se vai errar… que pelo menos esteja cheirando bem 😌✨,"Feb 18, 2026",17,0
2026-03-21,UVMoR77uaRM,O final KKKKKK 😭😂 Se vai errar… que pelo menos esteja cheirando bem 😌✨,"Feb 18, 2026",17,0
2026-03-22,UVMoR77uaRM,O final KKKKKK 😭😂 Se vai errar… que pelo menos esteja cheirando bem 😌✨,"Feb 18, 2026",17,3
2026-03-23,UVMoR77uaRM,O final KKKKKK 😭😂 Se vai errar… que pelo menos esteja cheirando bem 😌✨,"Feb 18, 2026",17,1
2026-03-24,UVMoR77uaRM,O final KKKKKK 😭😂 Se vai errar… que pelo menos esteja cheirando bem 😌✨,"Feb 18, 2026",17,1
2026-03-25,UVMoR77uaRM,O final KKKKKK 😭😂 Se vai errar… que pelo menos esteja cheirando bem 😌✨,"Feb 18, 2026",17,1
2026-03-26,UVMoR77uaRM,O final KKKKKK 😭😂 Se vai errar… que pelo menos esteja cheirando bem 😌✨,"Feb 18, 2026",17,0
2026-03-27,UVMoR77uaRM,O final KKKKKK 😭😂 Se vai errar… que pelo menos esteja cheirando bem 😌✨,"Feb 18, 2026",17,0
2026-03-28,UVMoR77uaRM,O final KKKKKK 😭😂 Se vai errar… que pelo menos esteja cheirando bem 😌✨,"Feb 18, 2026",17,0
2026-03-29,UVMoR77uaRM,O final KKKKKK 😭😂 Se vai errar… que pelo menos esteja cheirando bem 😌✨,"Feb 18, 2026",17,0
2026-03-30,UVMoR77uaRM,O final KKKKKK 😭😂 Se vai errar… que pelo menos esteja cheirando bem 😌✨,"Feb 18, 2026",17,0
2026-03-31,UVMoR77uaRM,O final KKKKKK 😭😂 Se vai errar… que pelo menos esteja cheirando bem 😌✨,"Feb 18, 2026",17,0
2026-04-01,UVMoR77uaRM,O final KKKKKK 😭😂 Se vai errar… que pelo menos esteja cheirando bem 😌✨,"Feb 18, 2026",17,0
2026-04-02,UVMoR77uaRM,O final KKKKKK 😭😂 Se vai errar… que pelo menos esteja cheirando bem 😌✨,"Feb 18, 2026",17,0
2026-04-03,UVMoR77uaRM,O final KKKKKK 😭😂 Se vai errar… que pelo menos esteja cheirando bem 😌✨,"Feb 18, 2026",17,0
2026-04-04,UVMoR77uaRM,O final KKKKKK 😭😂 Se vai errar… que pelo menos esteja cheirando bem 😌✨,"Feb 18, 2026",17,3
2026-04-05,UVMoR77uaRM,O final KKKKKK 😭😂 Se vai errar… que pelo menos esteja cheirando bem 😌✨,"Feb 18, 2026",17,2
2026-04-06,UVMoR77uaRM,O final KKKKKK 😭😂 Se vai errar… que pelo menos esteja cheirando bem 😌✨,"Feb 18, 2026",17,0
2026-04-07,UVMoR77uaRM,O final KKKKKK 😭😂 Se vai errar… que pelo menos esteja cheirando bem 😌✨,"Feb 18, 2026",17,0
2026-04-08,UVMoR77uaRM,O final KKKKKK 😭😂 Se vai errar… que pelo menos esteja cheirando bem 😌✨,"Feb 18, 2026",17,0
2026-01-09,ZlkeW7whfWg,Eu com meu iPhone 17 💅,"Jan 17, 2026",12,0
2026-01-10,ZlkeW7whfWg,Eu com meu iPhone 17 💅,"Jan 17, 2026",12,0
2026-01-11,ZlkeW7whfWg,Eu com meu iPhone 17 💅,"Jan 17, 2026",12,0
2026-01-12,ZlkeW7whfWg,Eu com meu iPhone 17 💅,"Jan 17, 2026",12,0
2026-01-13,ZlkeW7whfWg,Eu com meu iPhone 17 💅,"Jan 17, 2026",12,0
2026-01-14,ZlkeW7whfWg,Eu com meu iPhone 17 💅,"Jan 17, 2026",12,0
2026-01-15,ZlkeW7whfWg,Eu com meu iPhone 17 💅,"Jan 17, 2026",12,0
2026-01-16,ZlkeW7whfWg,Eu com meu iPhone 17 💅,"Jan 17, 2026",12,0
2026-01-17,ZlkeW7whfWg,Eu com meu iPhone 17 💅,"Jan 17, 2026",12,1592
2026-01-18,ZlkeW7whfWg,Eu com meu iPhone 17 💅,"Jan 17, 2026",12,62
2026-01-19,ZlkeW7whfWg,Eu com meu iPhone 17 💅,"Jan 17, 2026",12,87
2026-01-20,ZlkeW7whfWg,Eu com meu iPhone 17 💅,"Jan 17, 2026",12,950
2026-01-21,ZlkeW7whfWg,Eu com meu iPhone 17 💅,"Jan 17, 2026",12,2638
2026-01-22,ZlkeW7whfWg,Eu com meu iPhone 17 💅,"Jan 17, 2026",12,43
2026-01-23,ZlkeW7whfWg,Eu com meu iPhone 17 💅,"Jan 17, 2026",12,4
2026-01-24,ZlkeW7whfWg,Eu com meu iPhone 17 💅,"Jan 17, 2026",12,2
2026-01-25,ZlkeW7whfWg,Eu com meu iPhone 17 💅,"Jan 17, 2026",12,0
2026-01-26,ZlkeW7whfWg,Eu com meu iPhone 17 💅,"Jan 17, 2026",12,0
2026-01-27,ZlkeW7whfWg,Eu com meu iPhone 17 💅,"Jan 17, 2026",12,0
2026-01-28,ZlkeW7whfWg,Eu com meu iPhone 17 💅,"Jan 17, 2026",12,0
2026-01-29,ZlkeW7whfWg,Eu com meu iPhone 17 💅,"Jan 17, 2026",12,6
2026-01-30,ZlkeW7whfWg,Eu com meu iPhone 17 💅,"Jan 17, 2026",12,2
2026-01-31,ZlkeW7whfWg,Eu com meu iPhone 17 💅,"Jan 17, 2026",12,4
2026-02-01,ZlkeW7whfWg,Eu com meu iPhone 17 💅,"Jan 17, 2026",12,0
2026-02-02,ZlkeW7whfWg,Eu com meu iPhone 17 💅,"Jan 17, 2026",12,2
2026-02-03,ZlkeW7whfWg,Eu com meu iPhone 17 💅,"Jan 17, 2026",12,0
2026-02-04,ZlkeW7whfWg,Eu com meu iPhone 17 💅,"Jan 17, 2026",12,1
2026-02-05,ZlkeW7whfWg,Eu com meu iPhone 17 💅,"Jan 17, 2026",12,1
2026-02-06,ZlkeW7whfWg,Eu com meu iPhone 17 💅,"Jan 17, 2026",12,1
2026-02-07,ZlkeW7whfWg,Eu com meu iPhone 17 💅,"Jan 17, 2026",12,2
2026-02-08,ZlkeW7whfWg,Eu com meu iPhone 17 💅,"Jan 17, 2026",12,1
2026-02-09,ZlkeW7whfWg,Eu com meu iPhone 17 💅,"Jan 17, 2026",12,0
2026-02-10,ZlkeW7whfWg,Eu com meu iPhone 17 💅,"Jan 17, 2026",12,2
2026-02-11,ZlkeW7whfWg,Eu com meu iPhone 17 💅,"Jan 17, 2026",12,0
2026-02-12,ZlkeW7whfWg,Eu com meu iPhone 17 💅,"Jan 17, 2026",12,2
2026-02-13,ZlkeW7whfWg,Eu com meu iPhone 17 💅,"Jan 17, 2026",12,0
2026-02-14,ZlkeW7whfWg,Eu com meu iPhone 17 💅,"Jan 17, 2026",12,0
2026-02-15,ZlkeW7whfWg,Eu com meu iPhone 17 💅,"Jan 17, 2026",12,0
2026-02-16,ZlkeW7whfWg,Eu com meu iPhone 17 💅,"Jan 17, 2026",12,1
2026-02-17,ZlkeW7whfWg,Eu com meu iPhone 17 💅,"Jan 17, 2026",12,3
2026-02-18,ZlkeW7whfWg,Eu com meu iPhone 17 💅,"Jan 17, 2026",12,0
2026-02-19,ZlkeW7whfWg,Eu com meu iPhone 17 💅,"Jan 17, 2026",12,0
2026-02-20,ZlkeW7whfWg,Eu com meu iPhone 17 💅,"Jan 17, 2026",12,0
2026-02-21,ZlkeW7whfWg,Eu com meu iPhone 17 💅,"Jan 17, 2026",12,0
2026-02-22,ZlkeW7whfWg,Eu com meu iPhone 17 💅,"Jan 17, 2026",12,1
2026-02-23,ZlkeW7whfWg,Eu com meu iPhone 17 💅,"Jan 17, 2026",12,2
2026-02-24,ZlkeW7whfWg,Eu com meu iPhone 17 💅,"Jan 17, 2026",12,0
2026-02-25,ZlkeW7whfWg,Eu com meu iPhone 17 💅,"Jan 17, 2026",12,0
2026-02-26,ZlkeW7whfWg,Eu com meu iPhone 17 💅,"Jan 17, 2026",12,0
2026-02-27,ZlkeW7whfWg,Eu com meu iPhone 17 💅,"Jan 17, 2026",12,2
2026-02-28,ZlkeW7whfWg,Eu com meu iPhone 17 💅,"Jan 17, 2026",12,0
2026-03-01,ZlkeW7whfWg,Eu com meu iPhone 17 💅,"Jan 17, 2026",12,0
2026-03-02,ZlkeW7whfWg,Eu com meu iPhone 17 💅,"Jan 17, 2026",12,0
2026-03-03,ZlkeW7whfWg,Eu com meu iPhone 17 💅,"Jan 17, 2026",12,0
2026-03-04,ZlkeW7whfWg,Eu com meu iPhone 17 💅,"Jan 17, 2026",12,0
2026-03-05,ZlkeW7whfWg,Eu com meu iPhone 17 💅,"Jan 17, 2026",12,0
2026-03-06,ZlkeW7whfWg,Eu com meu iPhone 17 💅,"Jan 17, 2026",12,0
2026-03-07,ZlkeW7whfWg,Eu com meu iPhone 17 💅,"Jan 17, 2026",12,1
2026-03-08,ZlkeW7whfWg,Eu com meu iPhone 17 💅,"Jan 17, 2026",12,0
2026-03-09,ZlkeW7whfWg,Eu com meu iPhone 17 💅,"Jan 17, 2026",12,0
2026-03-10,ZlkeW7whfWg,Eu com meu iPhone 17 💅,"Jan 17, 2026",12,1
2026-03-11,ZlkeW7whfWg,Eu com meu iPhone 17 💅,"Jan 17, 2026",12,1
2026-03-12,ZlkeW7whfWg,Eu com meu iPhone 17 💅,"Jan 17, 2026",12,0
2026-03-13,ZlkeW7whfWg,Eu com meu iPhone 17 💅,"Jan 17, 2026",12,0
2026-03-14,ZlkeW7whfWg,Eu com meu iPhone 17 💅,"Jan 17, 2026",12,0
2026-03-15,ZlkeW7whfWg,Eu com meu iPhone 17 💅,"Jan 17, 2026",12,0
2026-03-16,ZlkeW7whfWg,Eu com meu iPhone 17 💅,"Jan 17, 2026",12,0
2026-03-17,ZlkeW7whfWg,Eu com meu iPhone 17 💅,"Jan 17, 2026",12,0
2026-03-18,ZlkeW7whfWg,Eu com meu iPhone 17 💅,"Jan 17, 2026",12,0
2026-03-19,ZlkeW7whfWg,Eu com meu iPhone 17 💅,"Jan 17, 2026",12,0
2026-03-20,ZlkeW7whfWg,Eu com meu iPhone 17 💅,"Jan 17, 2026",12,0
2026-03-21,ZlkeW7whfWg,Eu com meu iPhone 17 💅,"Jan 17, 2026",12,0
2026-03-22,ZlkeW7whfWg,Eu com meu iPhone 17 💅,"Jan 17, 2026",12,0
2026-03-23,ZlkeW7whfWg,Eu com meu iPhone 17 💅,"Jan 17, 2026",12,1
2026-03-24,ZlkeW7whfWg,Eu com meu iPhone 17 💅,"Jan 17, 2026",12,1
2026-03-25,ZlkeW7whfWg,Eu com meu iPhone 17 💅,"Jan 17, 2026",12,3
2026-03-26,ZlkeW7whfWg,Eu com meu iPhone 17 💅,"Jan 17, 2026",12,0
2026-03-27,ZlkeW7whfWg,Eu com meu iPhone 17 💅,"Jan 17, 2026",12,0
2026-03-28,ZlkeW7whfWg,Eu com meu iPhone 17 💅,"Jan 17, 2026",12,0
2026-03-29,ZlkeW7whfWg,Eu com meu iPhone 17 💅,"Jan 17, 2026",12,0
2026-03-30,ZlkeW7whfWg,Eu com meu iPhone 17 💅,"Jan 17, 2026",12,0
2026-03-31,ZlkeW7whfWg,Eu com meu iPhone 17 💅,"Jan 17, 2026",12,0
2026-04-01,ZlkeW7whfWg,Eu com meu iPhone 17 💅,"Jan 17, 2026",12,0
2026-04-02,ZlkeW7whfWg,Eu com meu iPhone 17 💅,"Jan 17, 2026",12,0
2026-04-03,ZlkeW7whfWg,Eu com meu iPhone 17 💅,"Jan 17, 2026",12,0
2026-04-04,ZlkeW7whfWg,Eu com meu iPhone 17 💅,"Jan 17, 2026",12,1
2026-04-05,ZlkeW7whfWg,Eu com meu iPhone 17 💅,"Jan 17, 2026",12,0
2026-04-06,ZlkeW7whfWg,Eu com meu iPhone 17 💅,"Jan 17, 2026",12,0
2026-04-07,ZlkeW7whfWg,Eu com meu iPhone 17 💅,"Jan 17, 2026",12,0
2026-04-08,ZlkeW7whfWg,Eu com meu iPhone 17 💅,"Jan 17, 2026",12,0
2026-01-09,_fN6SsIEXRw,"Se até o Neymar está usando, já sabe que é sucesso, né?","Mar 5, 2025",26,35
2026-01-10,_fN6SsIEXRw,"Se até o Neymar está usando, já sabe que é sucesso, né?","Mar 5, 2025",26,38
2026-01-11,_fN6SsIEXRw,"Se até o Neymar está usando, já sabe que é sucesso, né?","Mar 5, 2025",26,28
2026-01-12,_fN6SsIEXRw,"Se até o Neymar está usando, já sabe que é sucesso, né?","Mar 5, 2025",26,40
2026-01-13,_fN6SsIEXRw,"Se até o Neymar está usando, já sabe que é sucesso, né?","Mar 5, 2025",26,30
2026-01-14,_fN6SsIEXRw,"Se até o Neymar está usando, já sabe que é sucesso, né?","Mar 5, 2025",26,32
2026-01-15,_fN6SsIEXRw,"Se até o Neymar está usando, já sabe que é sucesso, né?","Mar 5, 2025",26,40
2026-01-16,_fN6SsIEXRw,"Se até o Neymar está usando, já sabe que é sucesso, né?","Mar 5, 2025",26,39
2026-01-17,_fN6SsIEXRw,"Se até o Neymar está usando, já sabe que é sucesso, né?","Mar 5, 2025",26,29
2026-01-18,_fN6SsIEXRw,"Se até o Neymar está usando, já sabe que é sucesso, né?","Mar 5, 2025",26,24
2026-01-19,_fN6SsIEXRw,"Se até o Neymar está usando, já sabe que é sucesso, né?","Mar 5, 2025",26,29
2026-01-20,_fN6SsIEXRw,"Se até o Neymar está usando, já sabe que é sucesso, né?","Mar 5, 2025",26,14
2026-01-21,_fN6SsIEXRw,"Se até o Neymar está usando, já sabe que é sucesso, né?","Mar 5, 2025",26,28
2026-01-22,_fN6SsIEXRw,"Se até o Neymar está usando, já sabe que é sucesso, né?","Mar 5, 2025",26,33
2026-01-23,_fN6SsIEXRw,"Se até o Neymar está usando, já sabe que é sucesso, né?","Mar 5, 2025",26,23
2026-01-24,_fN6SsIEXRw,"Se até o Neymar está usando, já sabe que é sucesso, né?","Mar 5, 2025",26,39
2026-01-25,_fN6SsIEXRw,"Se até o Neymar está usando, já sabe que é sucesso, né?","Mar 5, 2025",26,22
2026-01-26,_fN6SsIEXRw,"Se até o Neymar está usando, já sabe que é sucesso, né?","Mar 5, 2025",26,24
2026-01-27,_fN6SsIEXRw,"Se até o Neymar está usando, já sabe que é sucesso, né?","Mar 5, 2025",26,32
2026-01-28,_fN6SsIEXRw,"Se até o Neymar está usando, já sabe que é sucesso, né?","Mar 5, 2025",26,17
2026-01-29,_fN6SsIEXRw,"Se até o Neymar está usando, já sabe que é sucesso, né?","Mar 5, 2025",26,35
2026-01-30,_fN6SsIEXRw,"Se até o Neymar está usando, já sabe que é sucesso, né?","Mar 5, 2025",26,29
2026-01-31,_fN6SsIEXRw,"Se até o Neymar está usando, já sabe que é sucesso, né?","Mar 5, 2025",26,11
2026-02-01,_fN6SsIEXRw,"Se até o Neymar está usando, já sabe que é sucesso, né?","Mar 5, 2025",26,22
2026-02-02,_fN6SsIEXRw,"Se até o Neymar está usando, já sabe que é sucesso, né?","Mar 5, 2025",26,23
2026-02-03,_fN6SsIEXRw,"Se até o Neymar está usando, já sabe que é sucesso, né?","Mar 5, 2025",26,34
2026-02-04,_fN6SsIEXRw,"Se até o Neymar está usando, já sabe que é sucesso, né?","Mar 5, 2025",26,25
2026-02-05,_fN6SsIEXRw,"Se até o Neymar está usando, já sabe que é sucesso, né?","Mar 5, 2025",26,29
2026-02-06,_fN6SsIEXRw,"Se até o Neymar está usando, já sabe que é sucesso, né?","Mar 5, 2025",26,16
2026-02-07,_fN6SsIEXRw,"Se até o Neymar está usando, já sabe que é sucesso, né?","Mar 5, 2025",26,25
2026-02-08,_fN6SsIEXRw,"Se até o Neymar está usando, já sabe que é sucesso, né?","Mar 5, 2025",26,24
2026-02-09,_fN6SsIEXRw,"Se até o Neymar está usando, já sabe que é sucesso, né?","Mar 5, 2025",26,36
2026-02-10,_fN6SsIEXRw,"Se até o Neymar está usando, já sabe que é sucesso, né?","Mar 5, 2025",26,17
2026-02-11,_fN6SsIEXRw,"Se até o Neymar está usando, já sabe que é sucesso, né?","Mar 5, 2025",26,29
2026-02-12,_fN6SsIEXRw,"Se até o Neymar está usando, já sabe que é sucesso, né?","Mar 5, 2025",26,28
2026-02-13,_fN6SsIEXRw,"Se até o Neymar está usando, já sabe que é sucesso, né?","Mar 5, 2025",26,27
2026-02-14,_fN6SsIEXRw,"Se até o Neymar está usando, já sabe que é sucesso, né?","Mar 5, 2025",26,43
2026-02-15,_fN6SsIEXRw,"Se até o Neymar está usando, já sabe que é sucesso, né?","Mar 5, 2025",26,31
2026-02-16,_fN6SsIEXRw,"Se até o Neymar está usando, já sabe que é sucesso, né?","Mar 5, 2025",26,63
2026-02-17,_fN6SsIEXRw,"Se até o Neymar está usando, já sabe que é sucesso, né?","Mar 5, 2025",26,45
2026-02-18,_fN6SsIEXRw,"Se até o Neymar está usando, já sabe que é sucesso, né?","Mar 5, 2025",26,22
2026-02-19,_fN6SsIEXRw,"Se até o Neymar está usando, já sabe que é sucesso, né?","Mar 5, 2025",26,37
2026-02-20,_fN6SsIEXRw,"Se até o Neymar está usando, já sabe que é sucesso, né?","Mar 5, 2025",26,31
2026-02-21,_fN6SsIEXRw,"Se até o Neymar está usando, já sabe que é sucesso, né?","Mar 5, 2025",26,53
2026-02-22,_fN6SsIEXRw,"Se até o Neymar está usando, já sabe que é sucesso, né?","Mar 5, 2025",26,38
2026-02-23,_fN6SsIEXRw,"Se até o Neymar está usando, já sabe que é sucesso, né?","Mar 5, 2025",26,39
2026-02-24,_fN6SsIEXRw,"Se até o Neymar está usando, já sabe que é sucesso, né?","Mar 5, 2025",26,13
2026-02-25,_fN6SsIEXRw,"Se até o Neymar está usando, já sabe que é sucesso, né?","Mar 5, 2025",26,10
2026-02-26,_fN6SsIEXRw,"Se até o Neymar está usando, já sabe que é sucesso, né?","Mar 5, 2025",26,20
2026-02-27,_fN6SsIEXRw,"Se até o Neymar está usando, já sabe que é sucesso, né?","Mar 5, 2025",26,28
2026-02-28,_fN6SsIEXRw,"Se até o Neymar está usando, já sabe que é sucesso, né?","Mar 5, 2025",26,34
2026-03-01,_fN6SsIEXRw,"Se até o Neymar está usando, já sabe que é sucesso, né?","Mar 5, 2025",26,15
2026-03-02,_fN6SsIEXRw,"Se até o Neymar está usando, já sabe que é sucesso, né?","Mar 5, 2025",26,13
2026-03-03,_fN6SsIEXRw,"Se até o Neymar está usando, já sabe que é sucesso, né?","Mar 5, 2025",26,28
2026-03-04,_fN6SsIEXRw,"Se até o Neymar está usando, já sabe que é sucesso, né?","Mar 5, 2025",26,20
2026-03-05,_fN6SsIEXRw,"Se até o Neymar está usando, já sabe que é sucesso, né?","Mar 5, 2025",26,22
2026-03-06,_fN6SsIEXRw,"Se até o Neymar está usando, já sabe que é sucesso, né?","Mar 5, 2025",26,34
2026-03-07,_fN6SsIEXRw,"Se até o Neymar está usando, já sabe que é sucesso, né?","Mar 5, 2025",26,25
2026-03-08,_fN6SsIEXRw,"Se até o Neymar está usando, já sabe que é sucesso, né?","Mar 5, 2025",26,14
2026-03-09,_fN6SsIEXRw,"Se até o Neymar está usando, já sabe que é sucesso, né?","Mar 5, 2025",26,26
2026-03-10,_fN6SsIEXRw,"Se até o Neymar está usando, já sabe que é sucesso, né?","Mar 5, 2025",26,22
2026-03-11,_fN6SsIEXRw,"Se até o Neymar está usando, já sabe que é sucesso, né?","Mar 5, 2025",26,19
2026-03-12,_fN6SsIEXRw,"Se até o Neymar está usando, já sabe que é sucesso, né?","Mar 5, 2025",26,11
2026-03-13,_fN6SsIEXRw,"Se até o Neymar está usando, já sabe que é sucesso, né?","Mar 5, 2025",26,19
2026-03-14,_fN6SsIEXRw,"Se até o Neymar está usando, já sabe que é sucesso, né?","Mar 5, 2025",26,24
2026-03-15,_fN6SsIEXRw,"Se até o Neymar está usando, já sabe que é sucesso, né?","Mar 5, 2025",26,38
2026-03-16,_fN6SsIEXRw,"Se até o Neymar está usando, já sabe que é sucesso, né?","Mar 5, 2025",26,21
2026-03-17,_fN6SsIEXRw,"Se até o Neymar está usando, já sabe que é sucesso, né?","Mar 5, 2025",26,30
2026-03-18,_fN6SsIEXRw,"Se até o Neymar está usando, já sabe que é sucesso, né?","Mar 5, 2025",26,30
2026-03-19,_fN6SsIEXRw,"Se até o Neymar está usando, já sabe que é sucesso, né?","Mar 5, 2025",26,27
2026-03-20,_fN6SsIEXRw,"Se até o Neymar está usando, já sabe que é sucesso, né?","Mar 5, 2025",26,16
2026-03-21,_fN6SsIEXRw,"Se até o Neymar está usando, já sabe que é sucesso, né?","Mar 5, 2025",26,19
2026-03-22,_fN6SsIEXRw,"Se até o Neymar está usando, já sabe que é sucesso, né?","Mar 5, 2025",26,25
2026-03-23,_fN6SsIEXRw,"Se até o Neymar está usando, já sabe que é sucesso, né?","Mar 5, 2025",26,25
2026-03-24,_fN6SsIEXRw,"Se até o Neymar está usando, já sabe que é sucesso, né?","Mar 5, 2025",26,15
2026-03-25,_fN6SsIEXRw,"Se até o Neymar está usando, já sabe que é sucesso, né?","Mar 5, 2025",26,28
2026-03-26,_fN6SsIEXRw,"Se até o Neymar está usando, já sabe que é sucesso, né?","Mar 5, 2025",26,36
2026-03-27,_fN6SsIEXRw,"Se até o Neymar está usando, já sabe que é sucesso, né?","Mar 5, 2025",26,20
2026-03-28,_fN6SsIEXRw,"Se até o Neymar está usando, já sabe que é sucesso, né?","Mar 5, 2025",26,26
2026-03-29,_fN6SsIEXRw,"Se até o Neymar está usando, já sabe que é sucesso, né?","Mar 5, 2025",26,13
2026-03-30,_fN6SsIEXRw,"Se até o Neymar está usando, já sabe que é sucesso, né?","Mar 5, 2025",26,22
2026-03-31,_fN6SsIEXRw,"Se até o Neymar está usando, já sabe que é sucesso, né?","Mar 5, 2025",26,14
2026-04-01,_fN6SsIEXRw,"Se até o Neymar está usando, já sabe que é sucesso, né?","Mar 5, 2025",26,19
2026-04-02,_fN6SsIEXRw,"Se até o Neymar está usando, já sabe que é sucesso, né?","Mar 5, 2025",26,4
2026-04-03,_fN6SsIEXRw,"Se até o Neymar está usando, já sabe que é sucesso, né?","Mar 5, 2025",26,24
2026-04-04,_fN6SsIEXRw,"Se até o Neymar está usando, já sabe que é sucesso, né?","Mar 5, 2025",26,24
2026-04-05,_fN6SsIEXRw,"Se até o Neymar está usando, já sabe que é sucesso, né?","Mar 5, 2025",26,20
2026-04-06,_fN6SsIEXRw,"Se até o Neymar está usando, já sabe que é sucesso, né?","Mar 5, 2025",26,11
2026-04-07,_fN6SsIEXRw,"Se até o Neymar está usando, já sabe que é sucesso, né?","Mar 5, 2025",26,23
2026-04-08,_fN6SsIEXRw,"Se até o Neymar está usando, já sabe que é sucesso, né?","Mar 5, 2025",26,23
2026-01-09,xgQjeeplapQ,Rumores do iPhone 18 🍎👀,"Jan 18, 2026",43,0
2026-01-10,xgQjeeplapQ,Rumores do iPhone 18 🍎👀,"Jan 18, 2026",43,0
2026-01-11,xgQjeeplapQ,Rumores do iPhone 18 🍎👀,"Jan 18, 2026",43,0
2026-01-12,xgQjeeplapQ,Rumores do iPhone 18 🍎👀,"Jan 18, 2026",43,0
2026-01-13,xgQjeeplapQ,Rumores do iPhone 18 🍎👀,"Jan 18, 2026",43,0
2026-01-14,xgQjeeplapQ,Rumores do iPhone 18 🍎👀,"Jan 18, 2026",43,0
2026-01-15,xgQjeeplapQ,Rumores do iPhone 18 🍎👀,"Jan 18, 2026",43,0
2026-01-16,xgQjeeplapQ,Rumores do iPhone 18 🍎👀,"Jan 18, 2026",43,0
2026-01-17,xgQjeeplapQ,Rumores do iPhone 18 🍎👀,"Jan 18, 2026",43,0
2026-01-18,xgQjeeplapQ,Rumores do iPhone 18 🍎👀,"Jan 18, 2026",43,1710
2026-01-19,xgQjeeplapQ,Rumores do iPhone 18 🍎👀,"Jan 18, 2026",43,573
2026-01-20,xgQjeeplapQ,Rumores do iPhone 18 🍎👀,"Jan 18, 2026",43,423
2026-01-21,xgQjeeplapQ,Rumores do iPhone 18 🍎👀,"Jan 18, 2026",43,393
2026-01-22,xgQjeeplapQ,Rumores do iPhone 18 🍎👀,"Jan 18, 2026",43,27
2026-01-23,xgQjeeplapQ,Rumores do iPhone 18 🍎👀,"Jan 18, 2026",43,23
2026-01-24,xgQjeeplapQ,Rumores do iPhone 18 🍎👀,"Jan 18, 2026",43,7
2026-01-25,xgQjeeplapQ,Rumores do iPhone 18 🍎👀,"Jan 18, 2026",43,1
2026-01-26,xgQjeeplapQ,Rumores do iPhone 18 🍎👀,"Jan 18, 2026",43,3
2026-01-27,xgQjeeplapQ,Rumores do iPhone 18 🍎👀,"Jan 18, 2026",43,2
2026-01-28,xgQjeeplapQ,Rumores do iPhone 18 🍎👀,"Jan 18, 2026",43,3
2026-01-29,xgQjeeplapQ,Rumores do iPhone 18 🍎👀,"Jan 18, 2026",43,4
2026-01-30,xgQjeeplapQ,Rumores do iPhone 18 🍎👀,"Jan 18, 2026",43,4
2026-01-31,xgQjeeplapQ,Rumores do iPhone 18 🍎👀,"Jan 18, 2026",43,1
2026-02-01,xgQjeeplapQ,Rumores do iPhone 18 🍎👀,"Jan 18, 2026",43,2
2026-02-02,xgQjeeplapQ,Rumores do iPhone 18 🍎👀,"Jan 18, 2026",43,5
2026-02-03,xgQjeeplapQ,Rumores do iPhone 18 🍎👀,"Jan 18, 2026",43,1
2026-02-04,xgQjeeplapQ,Rumores do iPhone 18 🍎👀,"Jan 18, 2026",43,3
2026-02-05,xgQjeeplapQ,Rumores do iPhone 18 🍎👀,"Jan 18, 2026",43,2
2026-02-06,xgQjeeplapQ,Rumores do iPhone 18 🍎👀,"Jan 18, 2026",43,1
2026-02-07,xgQjeeplapQ,Rumores do iPhone 18 🍎👀,"Jan 18, 2026",43,1
2026-02-08,xgQjeeplapQ,Rumores do iPhone 18 🍎👀,"Jan 18, 2026",43,2
2026-02-09,xgQjeeplapQ,Rumores do iPhone 18 🍎👀,"Jan 18, 2026",43,0
2026-02-10,xgQjeeplapQ,Rumores do iPhone 18 🍎👀,"Jan 18, 2026",43,2
2026-02-11,xgQjeeplapQ,Rumores do iPhone 18 🍎👀,"Jan 18, 2026",43,1
2026-02-12,xgQjeeplapQ,Rumores do iPhone 18 🍎👀,"Jan 18, 2026",43,2
2026-02-13,xgQjeeplapQ,Rumores do iPhone 18 🍎👀,"Jan 18, 2026",43,1
2026-02-14,xgQjeeplapQ,Rumores do iPhone 18 🍎👀,"Jan 18, 2026",43,3
2026-02-15,xgQjeeplapQ,Rumores do iPhone 18 🍎👀,"Jan 18, 2026",43,0
2026-02-16,xgQjeeplapQ,Rumores do iPhone 18 🍎👀,"Jan 18, 2026",43,1
2026-02-17,xgQjeeplapQ,Rumores do iPhone 18 🍎👀,"Jan 18, 2026",43,2
2026-02-18,xgQjeeplapQ,Rumores do iPhone 18 🍎👀,"Jan 18, 2026",43,2
2026-02-19,xgQjeeplapQ,Rumores do iPhone 18 🍎👀,"Jan 18, 2026",43,0
2026-02-20,xgQjeeplapQ,Rumores do iPhone 18 🍎👀,"Jan 18, 2026",43,6
2026-02-21,xgQjeeplapQ,Rumores do iPhone 18 🍎👀,"Jan 18, 2026",43,1
2026-02-22,xgQjeeplapQ,Rumores do iPhone 18 🍎👀,"Jan 18, 2026",43,3
2026-02-23,xgQjeeplapQ,Rumores do iPhone 18 🍎👀,"Jan 18, 2026",43,7
2026-02-24,xgQjeeplapQ,Rumores do iPhone 18 🍎👀,"Jan 18, 2026",43,0
2026-02-25,xgQjeeplapQ,Rumores do iPhone 18 🍎👀,"Jan 18, 2026",43,2
2026-02-26,xgQjeeplapQ,Rumores do iPhone 18 🍎👀,"Jan 18, 2026",43,2
2026-02-27,xgQjeeplapQ,Rumores do iPhone 18 🍎👀,"Jan 18, 2026",43,2
2026-02-28,xgQjeeplapQ,Rumores do iPhone 18 🍎👀,"Jan 18, 2026",43,0
2026-03-01,xgQjeeplapQ,Rumores do iPhone 18 🍎👀,"Jan 18, 2026",43,2
2026-03-02,xgQjeeplapQ,Rumores do iPhone 18 🍎👀,"Jan 18, 2026",43,0
2026-03-03,xgQjeeplapQ,Rumores do iPhone 18 🍎👀,"Jan 18, 2026",43,0
2026-03-04,xgQjeeplapQ,Rumores do iPhone 18 🍎👀,"Jan 18, 2026",43,2
2026-03-05,xgQjeeplapQ,Rumores do iPhone 18 🍎👀,"Jan 18, 2026",43,0
2026-03-06,xgQjeeplapQ,Rumores do iPhone 18 🍎👀,"Jan 18, 2026",43,1
2026-03-07,xgQjeeplapQ,Rumores do iPhone 18 🍎👀,"Jan 18, 2026",43,1
2026-03-08,xgQjeeplapQ,Rumores do iPhone 18 🍎👀,"Jan 18, 2026",43,2
2026-03-09,xgQjeeplapQ,Rumores do iPhone 18 🍎👀,"Jan 18, 2026",43,0
2026-03-10,xgQjeeplapQ,Rumores do iPhone 18 🍎👀,"Jan 18, 2026",43,1
2026-03-11,xgQjeeplapQ,Rumores do iPhone 18 🍎👀,"Jan 18, 2026",43,1
2026-03-12,xgQjeeplapQ,Rumores do iPhone 18 🍎👀,"Jan 18, 2026",43,0
2026-03-13,xgQjeeplapQ,Rumores do iPhone 18 🍎👀,"Jan 18, 2026",43,0
2026-03-14,xgQjeeplapQ,Rumores do iPhone 18 🍎👀,"Jan 18, 2026",43,0
2026-03-15,xgQjeeplapQ,Rumores do iPhone 18 🍎👀,"Jan 18, 2026",43,0
2026-03-16,xgQjeeplapQ,Rumores do iPhone 18 🍎👀,"Jan 18, 2026",43,4
2026-03-17,xgQjeeplapQ,Rumores do iPhone 18 🍎👀,"Jan 18, 2026",43,0
2026-03-18,xgQjeeplapQ,Rumores do iPhone 18 🍎👀,"Jan 18, 2026",43,0
2026-03-19,xgQjeeplapQ,Rumores do iPhone 18 🍎👀,"Jan 18, 2026",43,0
2026-03-20,xgQjeeplapQ,Rumores do iPhone 18 🍎👀,"Jan 18, 2026",43,0
2026-03-21,xgQjeeplapQ,Rumores do iPhone 18 🍎👀,"Jan 18, 2026",43,0
2026-03-22,xgQjeeplapQ,Rumores do iPhone 18 🍎👀,"Jan 18, 2026",43,2
2026-03-23,xgQjeeplapQ,Rumores do iPhone 18 🍎👀,"Jan 18, 2026",43,1
2026-03-24,xgQjeeplapQ,Rumores do iPhone 18 🍎👀,"Jan 18, 2026",43,1
2026-03-25,xgQjeeplapQ,Rumores do iPhone 18 🍎👀,"Jan 18, 2026",43,1
2026-03-26,xgQjeeplapQ,Rumores do iPhone 18 🍎👀,"Jan 18, 2026",43,0
2026-03-27,xgQjeeplapQ,Rumores do iPhone 18 🍎👀,"Jan 18, 2026",43,0
2026-03-28,xgQjeeplapQ,Rumores do iPhone 18 🍎👀,"Jan 18, 2026",43,0
2026-03-29,xgQjeeplapQ,Rumores do iPhone 18 🍎👀,"Jan 18, 2026",43,1
2026-03-30,xgQjeeplapQ,Rumores do iPhone 18 🍎👀,"Jan 18, 2026",43,0
2026-03-31,xgQjeeplapQ,Rumores do iPhone 18 🍎👀,"Jan 18, 2026",43,1
2026-04-01,xgQjeeplapQ,Rumores do iPhone 18 🍎👀,"Jan 18, 2026",43,0
2026-04-02,xgQjeeplapQ,Rumores do iPhone 18 🍎👀,"Jan 18, 2026",43,0
2026-04-03,xgQjeeplapQ,Rumores do iPhone 18 🍎👀,"Jan 18, 2026",43,3
2026-04-04,xgQjeeplapQ,Rumores do iPhone 18 🍎👀,"Jan 18, 2026",43,1
2026-04-05,xgQjeeplapQ,Rumores do iPhone 18 🍎👀,"Jan 18, 2026",43,1
2026-04-06,xgQjeeplapQ,Rumores do iPhone 18 🍎👀,"Jan 18, 2026",43,0
2026-04-07,xgQjeeplapQ,Rumores do iPhone 18 🍎👀,"Jan 18, 2026",43,0
2026-04-08,xgQjeeplapQ,Rumores do iPhone 18 🍎👀,"Jan 18, 2026",43,0
