"Identificação do post","Identificação da Página","Nome da Página",Título,Descrição,"Duração (s)","Horário de publicação","Tipo de legenda","Link permanente","É um post cruzado","É compartilhado","Tipo de post",Idiomas,"Rótulos personalizados","Status do conteúdo financiado","Comentário de dados",Data,Visualizações,Alcance,"Reações, comentários e compartilhamentos",Reações,Comentários,Compartilhamentos,"Total de cliques","Consumo por direcionamento de público correspondente (Photo Click)","Outros cliques","Cliques no link","Consumo por direcionamento de público correspondente (Video Click)","Segundos de visualização","Média de Segundos de visualização","Ganhos estimados (USD)","CPM do anúncio (USD)","Impressões do anúncio"
122170348970772199,61573165978085,"Mega Eletrônicos Paraguai","🚨 Não compre ar-condicionado antes de ver isso
Você pode estar jogando dinheiro fora 🥵

#audisat #arcondicionado #verao #calor #climatizacao","🚨 Não compre ar-condicionado antes de ver isso
Você pode estar jogando dinheiro fora 🥵

#audisat #arcondicionado #verao #calor #climatizacao",44,"01/10/2026 08:59",N/A,https://www.facebook.com/reel/25795024720129826/,0,0,Reels,,,,,Total,9188,6606,172,152,9,11,720,,296,390,34,70234.788,8.589,0,,0
122170216832772199,61573165978085,"Mega Eletrônicos Paraguai","O verão chegou! E com ele, o momento perfeito para começar a cuidar de você e aproveitar ☀️🏖️
#paraguay #megaelectronicos #verão🌞",,0,"01/09/2026 09:46",N/A,https://www.facebook.com/megaeletronicosoficialpy/posts/pfbid0cZCSFUbUCiSAtYdFxcc1Rf73M5h8ootCrXCBvbCjoM9m1oEpPKJkYY1LBj7ee8gxl,0,0,Fotos,,,,,Total,638,425,6,6,0,0,4,4,,,,,,,,
122181099512772199,61573165978085,"Mega Eletrônicos Paraguai","Esses fones vão te surpreender ✨

Disponível na Mega Eletrônicos 🤩
#fones #paraguay #eletronica","Esses fones vão te surpreender ✨

Disponível na Mega Eletrônicos 🤩
#fones #paraguay #eletronica",54,"04/07/2026 16:59",N/A,https://www.facebook.com/reel/1664730381529745/,1,0,Vídeos,,,,,Total,108,101,4,2,0,2,0,,,,,684.273,7.279,0,0,0
122180983232772199,61573165978085,"Mega Eletrônicos Paraguai","A revolução do skincare já não é só sobre cremes…
agora é TECNOLOGIA aplicada na sua pele 💥

Agora a pergunta é…

💭 Você investiria em um aparelho para potencializar seu skincare?

Porque uma coisa é usar produtos…
e outra MUITO diferente é fazer eles realmente funcionarem 💯

🚨 MUITO EM BREVE NA MEGA ELETRÔNICOS
Ainda não chegaram… mas vem coisa GRANDE por aí 👀✨

#medicube #kbeauty #skincarecoreano #skincare2026 #beautytech #glassskin #cuidadedapele #paraguai #cde #megaelectronicos","A revolução do skincare já não é só sobre cremes…
agora é TECNOLOGIA aplicada na sua pele 💥

Agora a pergunta é…

💭 Você investiria em um aparelho para potencializar seu skincare?

Porque uma coisa é usar produtos…
e outra MUITO diferente é fazer eles realmente funcionarem 💯

🚨 MUITO EM BREVE NA MEGA ELETRÔNICOS
Ainda não chegaram… mas vem coisa GRANDE por aí 👀✨

#medicube #kbeauty #skincarecoreano #skincare2026 #beautytech #glassskin #cuidadedapele #paraguai #cde #megaelectronicos",53,"04/06/2026 14:11",N/A,https://www.facebook.com/reel/1274850851416116/,0,0,Vídeos,,,,,Total,134,125,0,0,0,0,0,,,,,703.155,5.716,0,0,0
122180982848772199,61573165978085,"Mega Eletrônicos Paraguai","A revolução do skincare já não é só sobre cremes…
agora é TECNOLOGIA aplicada na sua pele 💥

Agora a pergunta é…

💭 Você investiria em um aparelho para potencializar seu skincare?

Porque uma coisa é usar produtos…
e outra MUITO diferente é fazer eles realmente funcionarem 💯

🚨 MUITO EM BREVE NA MEGA ELETRÔNICOS
Ainda não chegaram… mas vem coisa GRANDE por aí 👀✨

#medicube #kbeauty #skincarecoreano #skincare2026 #beautytech #glassskin #cuidadedapele #paraguai #cde #megaelectronicos","A revolução do skincare já não é só sobre cremes…
agora é TECNOLOGIA aplicada na sua pele 💥

Agora a pergunta é…

💭 Você investiria em um aparelho para potencializar seu skincare?

Porque uma coisa é usar produtos…
e outra MUITO diferente é fazer eles realmente funcionarem 💯

🚨 MUITO EM BREVE NA MEGA ELETRÔNICOS
Ainda não chegaram… mas vem coisa GRANDE por aí 👀✨

#medicube #kbeauty #skincarecoreano #skincare2026 #beautytech #glassskin #cuidadedapele #paraguai #cde #megaelectronicos",53,"04/06/2026 14:09",N/A,https://www.facebook.com/reel/2382496828844253/,0,0,Vídeos,,,,,Total,213,204,2,0,0,2,0,,,,,959.182,4.82,0,0,0
122180879882772199,61573165978085,"Mega Eletrônicos Paraguai","Sua pele não precisa de mil produtos… precisa dos produtos certos 💖

Todos esses produtos da Celimax @celimax.global você encontra aqui na Mega Eletrônicos ✨

Como distribuidores oficiais da marca, oferecemos o melhor do skincare coreano com garantia e confiança 🫶

Essa rotina foi pensada para te ajudar a conquistar uma pele mais iluminada, hidratada e saudável ✨

Escolha bem… e comece a ver resultados reais 👀💫

#SkincareCoreano #KBeauty #Celimax",,0,"04/05/2026 14:17",N/A,https://www.facebook.com/megaeletronicosoficialpy/posts/pfbid0kQVgbdizR7raRGhf4c9GBRgAP239SLJ5swFv7ZUhRthUEu4yZqpmdJjjeuJXYGtbl,0,0,Fotos,,,,,Total,154,100,0,0,0,0,0,,,,,,,,,
122180759870772199,61573165978085,"Mega Eletrônicos Paraguai","Hoje na Mega Eletrônicos vivemos uma Páscoa de um jeito diferente ✨

Com bons preços em eletrônicos e muitos clientes aproveitando ao máximo 💻📱

Nos dedicamos a mimar cada um, com carinho e um atendimento pensado especialmente pra vocês 💖

Foi um dia mágico, repleto de alegria e tecnologia ao seu alcance 🫶

#Páscoa #MegaEletronicos #Descontos #Tecnologia #ClientesFelizes","Hoje na Mega Eletrônicos vivemos uma Páscoa de um jeito diferente ✨

Com bons preços em eletrônicos e muitos clientes aproveitando ao máximo 💻📱

Nos dedicamos a mimar cada um, com carinho e um atendimento pensado especialmente pra vocês 💖

Foi um dia mágico, repleto de alegria e tecnologia ao seu alcance 🫶

#Páscoa #MegaEletronicos #Descontos #Tecnologia #ClientesFelizes",40,"04/04/2026 14:28",N/A,https://www.facebook.com/reel/927173796767552/,1,0,Vídeos,,,,,Total,399,366,8,5,0,3,7,,7,,,1807.724,4.939,0,0,0
122180728778772199,61573165978085,"Mega Eletrônicos Paraguai","Você já conhece a Celimax? 👀✨
Se você busca uma rotina eficaz, com ingredientes seguros e resultados reais… essa marca é pra você 💚
@celimax.global 
Na Mega Eletrônicos somos distribuidores oficiais, garantindo produtos 100% originais para o cuidado da sua pele 🔥

Hidratação, reparação e tratamento em um só lugar 🙌
Escolha o produto ideal para o seu tipo de pele e comece a ver a diferença!

#celimax #skincare #cuidadoscomapele #original #paraguai megaeletronicos beleza kbeauty","Você já conhece a Celimax? 👀✨
Se você busca uma rotina eficaz, com ingredientes seguros e resultados reais… essa marca é pra você 💚
@celimax.global 
Na Mega Eletrônicos somos distribuidores oficiais, garantindo produtos 100% originais para o cuidado da sua pele 🔥

Hidratação, reparação e tratamento em um só lugar 🙌
Escolha o produto ideal para o seu tipo de pele e comece a ver a diferença!

#celimax #skincare #cuidadoscomapele #original #paraguai megaeletronicos beleza kbeauty",97,"04/04/2026 09:13",N/A,https://www.facebook.com/reel/1877509179602737/,1,0,Vídeos,,,,,Total,288,276,1,1,0,0,2,,2,,,1528.261,5.537,0,0,0
122180388896772199,61573165978085,"Mega Eletrônicos Paraguai","Já estamos prontos pra você aproveitar essa Páscoa 🔥
As melhores promoções estão aqui e você tem até 05 de abril

Te esperamos! 🤩

#páscoa #promoções #ofertas #tecnologia #compras #paraguai #ciudaddeleste #megaeletronicos #descontos #eletrônicos #shopping","Já estamos prontos pra você aproveitar essa Páscoa 🔥
As melhores promoções estão aqui e você tem até 05 de abril

Te esperamos! 🤩

#páscoa #promoções #ofertas #tecnologia #compras #paraguai #ciudaddeleste #megaeletronicos #descontos #eletrônicos #shopping",30,"04/01/2026 14:01",N/A,https://www.facebook.com/reel/976102961521656/,1,0,Vídeos,,,,,Total,1159,1066,15,12,1,2,11,,11,,,6388.771,6.032,0,0,0
122180348024772199,61573165978085,"Mega Eletrônicos Paraguai","Mais segurança pra sua casa com tecnologia de verdade 🔥📲
A IMILAB EC3 Lite tem imagem 2K, visão noturna em cores e controle direto pelo celular 😎

Vale muito a pena conferir 👀

#megaeletronicos #imilab #cameradeseguranca #tecnologia #seguranca #casainteligente #comprasnoparaguai #cde #paraguai #ofertas #eletronicos #bras","Mais segurança pra sua casa com tecnologia de verdade 🔥📲
A IMILAB EC3 Lite tem imagem 2K, visão noturna em cores e controle direto pelo celular 😎

Vale muito a pena conferir 👀

#megaeletronicos #imilab #cameradeseguranca #tecnologia #seguranca #casainteligente #comprasnoparaguai #cde #paraguai #ofertas #eletronicos #bras",42,"04/01/2026 08:18",N/A,https://www.facebook.com/reel/928029443360485/,0,0,Vídeos,,,,,Total,406,380,2,2,0,0,2,,2,,,2951.763,8.176,0,5.79,1
122180126144772199,61573165978085,"Mega Eletrônicos Paraguai","Descubra a diferença e como usar cada um dos produtos da @numbuzin_global ✨

O Numbuzin No.9 NAD Bio Lifting Essence é ideal para quem busca hidratação profunda, firmeza e efeito lifting. Com NAD+ e 50 tipos de peptídeos, ajuda na regeneração da pele, melhora a elasticidade e reduz linhas finas. Pode ser usado diariamente, de manhã e à noite, preparando a pele para potencializar os próximos passos do skincare.

Já o Numbuzin No.9 NAD+ Retinol Volumetox Eye Cream é focado no tratamento da área dos olhos. Com retinol, glicerina e NAD+, atua na renovação celular, melhora a firmeza e suaviza linhas finas. O uso deve ser noturno, começando de 2 a 3 vezes por semana.

Rotina completa = tratamento + prevenção + resultados visíveis.

Aqui na Mega você encontra o melhor para sua pele, com produtos 100% originais e preços imperdíveis ✨
E o melhor de tudo: somos distribuidores oficiais da marca
@numbuzin_global 

#numbuzin #kbeauty #skincarecoreano #cuidadoscomapele #rétinol",,0,"03/30/2026 13:48",N/A,https://www.facebook.com/megaeletronicosoficialpy/posts/pfbid032pUhbqD9jxMCQYwLkW4FUsTFVxJkZbERGtT137hWyH4Y1sTFJQ7ZrL5Z3kwh3epEl,0,0,Fotos,,,,,Total,300,267,0,0,0,0,2,2,,,,,,,,
122180008184772199,61573165978085,"Mega Eletrônicos Paraguai","Os perfumes mais virais da Lattafa! 😍✨
Encontrá eles aqui na Mega Eletrônicos por um preço incrível 👀😎

Viu algum comentário sobre Lattafa e ficou com vontade de testar? 👀
Chamá a gente e te enviamos o link 🤩","Os perfumes mais virais da Lattafa! 😍✨
Encontrá eles aqui na Mega Eletrônicos por um preço incrível 👀😎

Viu algum comentário sobre Lattafa e ficou com vontade de testar? 👀
Chamá a gente e te enviamos o link 🤩",40,"03/29/2026 14:30",N/A,https://www.facebook.com/reel/1502822488140478/,1,0,Vídeos,,,,,Total,487,457,3,3,0,0,0,,,,,2563.281,5.786,0,0,0
122179862564772199,61573165978085,"Mega Eletrônicos Paraguai","Quer entender sua pele de verdade? 👀💆‍♀️
Na Mega Eletrônicos você pode fazer uma avaliação facial COMPLETA GRÁTIS com a tecnologia Focuskin 🔬✨

Descubra o que sua pele precisa e escolha o produto ideal para você 💖
Trabalhamos com produtos 100% originais, incluindo a linha SKIN1004, da qual somos distribuidores oficiais 🧴🔥

Venha nos visitar e viver essa experiência ✨
📍 Te esperamos de segunda a sábado

#skincare #cuidadoscomapele #skin1004 #beleza #tecnologia #paraguai #ciudaddeleste #comprasnoparaguai #megaeletronicos #promoção #peleperfeita","Quer entender sua pele de verdade? 👀💆‍♀️
Na Mega Eletrônicos você pode fazer uma avaliação facial COMPLETA GRÁTIS com a tecnologia Focuskin 🔬✨

Descubra o que sua pele precisa e escolha o produto ideal para você 💖
Trabalhamos com produtos 100% originais, incluindo a linha SKIN1004, da qual somos distribuidores oficiais 🧴🔥

Venha nos visitar e viver essa experiência ✨
📍 Te esperamos de segunda a sábado

#skincare #cuidadoscomapele #skin1004 #beleza #tecnologia #paraguai #ciudaddeleste #comprasnoparaguai #megaeletronicos #promoção #peleperfeita",37,"03/28/2026 11:40",N/A,https://www.facebook.com/reel/1302126922015032/,0,0,Vídeos,,,,,Total,549,524,0,0,0,0,0,,,,,2331.422,4.598,0,1.89,1
122179743074772199,61573165978085,"Mega Eletrônicos Paraguai","📱⚔️ Novo VS: Google Pixel 10a vs iPhone 17e

Dois lançamentos novos… mas com propostas bem diferentes 👀
📸 Fotos inteligentes ou potência total?
⚡ Android ou iOS?

👉 Agora queremos saber:
Team Pixel ou Team iPhone? 👇🔥

#googlepixel #pixel10a #iphone17e #apple #android #vs #smartphone #tecnologia #lancamento #megaelectronicos #paraguay #ciudaddeleste","📱⚔️ Novo VS: Google Pixel 10a vs iPhone 17e

Dois lançamentos novos… mas com propostas bem diferentes 👀
📸 Fotos inteligentes ou potência total?
⚡ Android ou iOS?

👉 Agora queremos saber:
Team Pixel ou Team iPhone? 👇🔥

#googlepixel #pixel10a #iphone17e #apple #android #vs #smartphone #tecnologia #lancamento #megaelectronicos #paraguay #ciudaddeleste",48,"03/27/2026 12:35",N/A,https://www.facebook.com/reel/1343473434256403/,0,0,Vídeos,,,,,Total,1196,1326,13,13,0,0,9,,9,,,10557.791,9.775,0,0,0
122179605764772199,61573165978085,"Mega Eletrônicos Paraguai","⌚✨ O relógio perfeito para crianças

O Blackview Z20 foi feito para trazer segurança e tranquilidade para toda a família 👨‍👩‍👧‍👦

📍 GPS em tempo real para saber onde eles estão sempre
📞 Chamadas e mensagens para manter contato
🆘 Botão SOS para emergências
🔋 Bateria que dura o dia todo

Além disso, é confortável, resistente e fácil de usar para os pequenos 👦👧

💡 Segurança, comunicação e tecnologia… tudo no pulso.

👉 Ideal para manter as crianças conectadas e protegidas

#blackview #z20 #smartwatchkids #relogiointeligente #criancas seguranca gps tecnologia megaeletronicos paraguay ciudaddeleste ⌚💙","⌚✨ O relógio perfeito para crianças

O Blackview Z20 foi feito para trazer segurança e tranquilidade para toda a família 👨‍👩‍👧‍👦

📍 GPS em tempo real para saber onde eles estão sempre
📞 Chamadas e mensagens para manter contato
🆘 Botão SOS para emergências
🔋 Bateria que dura o dia todo

Além disso, é confortável, resistente e fácil de usar para os pequenos 👦👧

💡 Segurança, comunicação e tecnologia… tudo no pulso.

👉 Ideal para manter as crianças conectadas e protegidas

#blackview #z20 #smartwatchkids #relogiointeligente #criancas seguranca gps tecnologia megaeletronicos paraguay ciudaddeleste ⌚💙",34,"03/26/2026 12:34",N/A,https://www.facebook.com/reel/979506434479344/,1,0,Vídeos,,,,,Total,597,550,5,3,0,2,2,,2,,,3352.345,6.325,0,1.26,3
122179566248772199,61573165978085,"Mega Eletrônicos Paraguai","✨ Os melhores resultados começam com um bom diagnóstico…

Chegou na Mega Eletrônicos a Focuskin 🤍
A máquina que analisa sua pele em profundidade em poucos minutos 🔬

Descubra o que a sua pele realmente precisa:
💧 Hidratação
🧴 Oleosidade
✨ Manchas
🧬 Poros e rugas

Com tecnologia 3D e luzes especiais que revelam até o que você não vê 👀

Depois do diagnóstico, você encontra aqui as melhores marcas
🚀 Vem pra Mega Eletrônicos e saia com sua rotina perfeita

#skincare #cuidadoscomapele #paraguai #ciudaddeleste #kbeauty rotinadepele peleperfeita","✨ Os melhores resultados começam com um bom diagnóstico…

Chegou na Mega Eletrônicos a Focuskin 🤍
A máquina que analisa sua pele em profundidade em poucos minutos 🔬

Descubra o que a sua pele realmente precisa:
💧 Hidratação
🧴 Oleosidade
✨ Manchas
🧬 Poros e rugas

Com tecnologia 3D e luzes especiais que revelam até o que você não vê 👀

Depois do diagnóstico, você encontra aqui as melhores marcas
🚀 Vem pra Mega Eletrônicos e saia com sua rotina perfeita

#skincare #cuidadoscomapele #paraguai #ciudaddeleste #kbeauty rotinadepele peleperfeita",49,"03/26/2026 08:38",N/A,https://www.facebook.com/reel/1445903456375330/,1,0,Vídeos,,,,,Total,426,400,1,1,0,0,0,,,,,2623.756,6.922,0,0,0
122179468046772199,61573165978085,"Mega Eletrônicos Paraguai","📱✨ O novo Google Pixel 10a chegou… e está em outro nível 🔥

Se você gosta de ter um smartphone realmente inteligente, esse lançamento da Google vai te surpreender 👀

💥 Processador Google Tensor G4, potência otimizada com inteligência artificial
📸 Câmera icônica Pixel,  fotos incríveis até à noite
🤖 Recursos com IA, edição mágica, apagador inteligente e muito mais
🔋 Bateria que dura o dia todo
📱 Android puro, rápido, fluido e sem apps desnecessários

Mais que um celular… é uma experiência inteligente na sua mão 💫

#googlepixel #pixel9 #google #smartphone #tecnologia #lancamento #android #inteligenciaartificial #comprasnoparaguai #paraguai #ciudaddeleste #tendencia #viral","📱✨ O novo Google Pixel 10a chegou… e está em outro nível 🔥

Se você gosta de ter um smartphone realmente inteligente, esse lançamento da Google vai te surpreender 👀

💥 Processador Google Tensor G4, potência otimizada com inteligência artificial
📸 Câmera icônica Pixel,  fotos incríveis até à noite
🤖 Recursos com IA, edição mágica, apagador inteligente e muito mais
🔋 Bateria que dura o dia todo
📱 Android puro, rápido, fluido e sem apps desnecessários

Mais que um celular… é uma experiência inteligente na sua mão 💫

#googlepixel #pixel9 #google #smartphone #tecnologia #lancamento #android #inteligenciaartificial #comprasnoparaguai #paraguai #ciudaddeleste #tendencia #viral",47,"03/25/2026 13:00",N/A,https://www.facebook.com/reel/2009613169910193/,1,0,Vídeos,,,,,Total,695,669,4,4,0,0,0,,,,,5110.996,8.087,0,0,1
122179432640772199,61573165978085,"Mega Eletrônicos Paraguai","¿Quer um relógio completo? ⌚🔥
Esses relógios da Mibro oferecem muito mais que só uma boa bateria 😮‍🔥

Assista até o final e comente a palavra “MIBRO” que te enviamos mais informações 👀

#mibro #relogio #tecnologia #comprasnoparaguai","¿Quer um relógio completo? ⌚🔥
Esses relógios da Mibro oferecem muito mais que só uma boa bateria 😮‍🔥

Assista até o final e comente a palavra “MIBRO” que te enviamos mais informações 👀

#mibro #relogio #tecnologia #comprasnoparaguai",58,"03/25/2026 07:27",N/A,https://www.facebook.com/reel/1678351116655656/,0,0,Vídeos,,,,,Total,483,451,7,5,0,2,1,,1,,,4027.111,9.194,0,0,0
122179329752772199,61573165978085,"Mega Eletrônicos Paraguai","Esses produtos de Centella vão te surpreender com os resultados 🤩🎀

#centella #comprasemparaguai #skincare #coreanskincare","Esses produtos de Centella vão te surpreender com os resultados 🤩🎀

#centella #comprasemparaguai #skincare #coreanskincare",36,"03/24/2026 14:34",N/A,https://www.facebook.com/reel/3956218581344894/,0,0,Vídeos,,,,,Total,492,495,1,1,0,0,1,,1,,,1208.455,2.604,0,0,0
122179329710772199,61573165978085,"Mega Eletrônicos Paraguai","Esses produtos de Centella vão te surpreender com os resultados 🤩🎀

#centella #comprasemparaguai #skincare #coreanskincare","Esses produtos de Centella vão te surpreender com os resultados 🤩🎀

#centella #comprasemparaguai #skincare #coreanskincare",36,"03/24/2026 14:33",N/A,https://www.facebook.com/reel/1456395192645505/,0,0,Vídeos,,,,,Total,498,500,0,0,0,0,1,,1,,,895.169,1.896,0,0,0
122179173380772199,61573165978085,"Mega Eletrônicos Paraguai","🎧✨ Comunicação profissional, sem fios e sem limites
O Hollyland Solidcom SE-2S Wireless Intercom System foi feito para equipes que precisam de coordenação em tempo real 👀🎬
📡 Sistema 100% sem fio
🎤 Áudio claro e estável, mesmo em ambientes exigentes
🔋 Bateria de longa duração para o dia todo
🎧 Design confortável tipo arco para uso prolongado
Perfeito para produções, eventos, gravações e trabalho em equipe sem interrupções.

👉 Consulte disponibilidade e leve sua produção para outro nível

#hollyland #intercom #audio #producao #tecnologia #wireless #megaeletronicos #paraguay #ciudaddeleste 🎧🔥","🎧✨ Comunicação profissional, sem fios e sem limites
O Hollyland Solidcom SE-2S Wireless Intercom System foi feito para equipes que precisam de coordenação em tempo real 👀🎬
📡 Sistema 100% sem fio
🎤 Áudio claro e estável, mesmo em ambientes exigentes
🔋 Bateria de longa duração para o dia todo
🎧 Design confortável tipo arco para uso prolongado
Perfeito para produções, eventos, gravações e trabalho em equipe sem interrupções.

👉 Consulte disponibilidade e leve sua produção para outro nível

#hollyland #intercom #audio #producao #tecnologia #wireless #megaeletronicos #paraguay #ciudaddeleste 🎧🔥",50,"03/23/2026 09:24",N/A,https://www.facebook.com/reel/1272515484760433/,0,0,Vídeos,,,,,Total,471,448,5,5,0,0,0,,,,,2239.537,5.089,0,0,1
122178940934772199,61573165978085,"Mega Eletrônicos Paraguai","Acho melhor deixar para o outro mês 😂😂

#economizar #paraguai","Acho melhor deixar para o outro mês 😂😂

#economizar #paraguai",6,"03/21/2026 08:10",N/A,https://www.facebook.com/reel/1439797061224620/,1,0,Vídeos,,,,,Total,927,686,2,2,0,0,2,,2,,,2592.357,3.982,0,0,0
122178839996772199,61573165978085,"Mega Eletrônicos Paraguai","Mega Eletrônicos Paraguai atualizou a foto da capa.",,0,"03/20/2026 11:37",N/A,https://www.facebook.com/photo.php?fbid=122178839996772199&set=a.122097182354772199&type=3,0,0,Fotos,,,,,Total,1,1,0,0,0,0,0,,,,,,,,,
122178839858772199,61573165978085,"Mega Eletrônicos Paraguai","Mega Eletrônicos Paraguai atualizou a foto do perfil.",,0,"03/20/2026 11:35",N/A,https://www.facebook.com/photo.php?fbid=122178839858772199&set=a.122096141354772199&type=3,0,0,Fotos,,,,,Total,399,327,3,3,0,0,1,1,,,,,,,,
122178835880772199,61573165978085,"Mega Eletrônicos Paraguai","🎧✨ Comunicação profissional, sem fios e sem limites
O Hollyland Solidcom SE-2S Wireless Intercom System foi feito para equipes que precisam de coordenação em tempo real 👀🎬
📡 Sistema 100% sem fio
🎤 Áudio claro e estável, mesmo em ambientes exigentes
🔋 Bateria de longa duração para o dia todo
🎧 Design confortável tipo arco para uso prolongado
Perfeito para produções, eventos, gravações e trabalho em equipe sem interrupções.

👉 Consulte disponibilidade e leve sua produção para outro nível

#hollyland #intercom #audio #producao #tecnologia #wireless #megaeletronicos #paraguay #ciudaddeleste 🎧🔥","🎧✨ Comunicação profissional, sem fios e sem limites
O Hollyland Solidcom SE-2S Wireless Intercom System foi feito para equipes que precisam de coordenação em tempo real 👀🎬
📡 Sistema 100% sem fio
🎤 Áudio claro e estável, mesmo em ambientes exigentes
🔋 Bateria de longa duração para o dia todo
🎧 Design confortável tipo arco para uso prolongado
Perfeito para produções, eventos, gravações e trabalho em equipe sem interrupções.

👉 Consulte disponibilidade e leve sua produção para outro nível

#hollyland #intercom #audio #producao #tecnologia #wireless #megaeletronicos #paraguay #ciudaddeleste 🎧🔥",51,"03/20/2026 10:56",N/A,https://www.facebook.com/reel/4341878819419209/,0,0,Vídeos,,,,,Total,411,404,4,2,0,2,0,,,,,1508.015,3.866,0,0,0
122178708590772199,61573165978085,"Mega Eletrônicos Paraguai","🎬✨ Esse é o projetor que vai transformar sua sala em um cinema

O Wanbo Cube 2 Pro é pequeno… mas o que ele entrega é absurdo 😏

✅ Foco automático e correção inteligente: você liga e ele ajusta tudo sozinho
✅ Full HD nativo + 1100 ANSI Lumens
✅ Já vem com Android 11
✅ Som estéreo que preenche todo o ambiente
✅ Transforme qualquer parede em um cinema de até 120 polegadas

👉 Comenta “CUBE” que te envio todos os detalhes 👀🔥

#projetor #wanbo #homecinema #cinemaemcasa #tecnologia #setup #entretenimento #megaeletronicos #paraguay #ciudaddeleste 🎬🔥","🎬✨ Esse é o projetor que vai transformar sua sala em um cinema

O Wanbo Cube 2 Pro é pequeno… mas o que ele entrega é absurdo 😏

✅ Foco automático e correção inteligente: você liga e ele ajusta tudo sozinho
✅ Full HD nativo + 1100 ANSI Lumens
✅ Já vem com Android 11
✅ Som estéreo que preenche todo o ambiente
✅ Transforme qualquer parede em um cinema de até 120 polegadas

👉 Comenta “CUBE” que te envio todos os detalhes 👀🔥

#projetor #wanbo #homecinema #cinemaemcasa #tecnologia #setup #entretenimento #megaeletronicos #paraguay #ciudaddeleste 🎬🔥",50,"03/19/2026 11:30",N/A,https://www.facebook.com/reel/926566960303605/,0,0,Vídeos,,,,,Total,574,526,8,6,2,0,3,,3,,,4394.979,8.355,0,0,0
122178595358772199,61573165978085,"Mega Eletrônicos Paraguai","⚡ Diretamente de Barcelona… chegou à Mega Eletrônicos

O Xiaomi Electric Scooter 6 Ultra não é um patinete qualquer 😏

✅ Alcança até 25 km/h
✅ Autonomia de até 75 km por carga
✅ Motor de 500W (até 1200W de potência máxima)

🔥 Rodas de 12 polegadas
Mais estabilidade, mais controle… menos preocupação.

✅ Tela TFT de 3”, Bluetooth e conexão com o app Xiaomi Home
✅ Compatível com Apple Find My
✅ Luzes integradas, freios E-ABS e certificação IPX6

Tudo em um design resistente, dobrável e pronto para o uso diário.

Perfeito para ir ao trabalho, faculdade ou sair para passear 🚀
Menos trânsito… mais liberdade.

👉 Agora conta pra gente:
você vai continuar perdendo tempo… ou vai subir na velocidade? 👀🔥

#xiaomi #scooter #mobilidadeurbana #tecnologia #xiaomiscooter #megaeletronicos #paraguay","⚡ Diretamente de Barcelona… chegou à Mega Eletrônicos

O Xiaomi Electric Scooter 6 Ultra não é um patinete qualquer 😏

✅ Alcança até 25 km/h
✅ Autonomia de até 75 km por carga
✅ Motor de 500W (até 1200W de potência máxima)

🔥 Rodas de 12 polegadas
Mais estabilidade, mais controle… menos preocupação.

✅ Tela TFT de 3”, Bluetooth e conexão com o app Xiaomi Home
✅ Compatível com Apple Find My
✅ Luzes integradas, freios E-ABS e certificação IPX6

Tudo em um design resistente, dobrável e pronto para o uso diário.

Perfeito para ir ao trabalho, faculdade ou sair para passear 🚀
Menos trânsito… mais liberdade.

👉 Agora conta pra gente:
você vai continuar perdendo tempo… ou vai subir na velocidade? 👀🔥

#xiaomi #scooter #mobilidadeurbana #tecnologia #xiaomiscooter #megaeletronicos #paraguay",57,"03/18/2026 11:49",N/A,https://www.facebook.com/reel/872941405765479/,0,0,Vídeos,,,,,Total,685,564,8,6,0,2,9,,9,,,7882.069,13.202,0,0,0
122178553742772199,61573165978085,"Mega Eletrônicos Paraguai","O novo iPhone 17e chega como um dos lançamentos mais interessantes da Apple 🍏
Quer ter um iPhone novo… gastando menos? Então olha isso 👀

💥 Vem com chip A19 — desempenho rápido pra tudo: redes sociais, jogos e multitarefas sem travar
📸 Câmera de 48MP com zoom 2x — fotos nítidas e vídeos em 4K
🔋 Bateria otimizada — mais tempo longe da tomada
📱 Tela fluida e cores incríveis — perfeita pra quem ama consumir conteúdo
🤖 Preparado para recursos de inteligência artificial do novo iOS

E o melhor: tudo isso em um modelo mais acessível 💸🔥

Se você queria entrar no mundo iPhone sem gastar tanto… esse é o momento 😮‍🔥

#iphone #iphone17e #apple #smartphone #tecnologia #lancamento #megaeletronicos #paraguay #ciudaddeleste","O novo iPhone 17e chega como um dos lançamentos mais interessantes da Apple 🍏
Quer ter um iPhone novo… gastando menos? Então olha isso 👀

💥 Vem com chip A19 — desempenho rápido pra tudo: redes sociais, jogos e multitarefas sem travar
📸 Câmera de 48MP com zoom 2x — fotos nítidas e vídeos em 4K
🔋 Bateria otimizada — mais tempo longe da tomada
📱 Tela fluida e cores incríveis — perfeita pra quem ama consumir conteúdo
🤖 Preparado para recursos de inteligência artificial do novo iOS

E o melhor: tudo isso em um modelo mais acessível 💸🔥

Se você queria entrar no mundo iPhone sem gastar tanto… esse é o momento 😮‍🔥

#iphone #iphone17e #apple #smartphone #tecnologia #lancamento #megaeletronicos #paraguay #ciudaddeleste",47,"03/18/2026 05:36",N/A,https://www.facebook.com/reel/1437134224856690/,0,0,Vídeos,,,,,Total,555,525,8,6,0,2,0,,,,,4273.054,8.461,0,0,0
122178472376772199,61573165978085,"Mega Eletrônicos Paraguai","💻✨ Finalmente chegou à Mega Eletrônicos o MacBook mais acessível da Apple
Esse é o novo MacBook Neo… feito para quem sempre quis entrar no universo Apple 🍏

#apple #macbook #macbookneo #tecnologia #notebook #laptop #megaeletronicos #paraguay #ciudaddeleste #reels #tiktok #viral 💻🔥","💻✨ Finalmente chegou à Mega Eletrônicos o MacBook mais acessível da Apple
Esse é o novo MacBook Neo… feito para quem sempre quis entrar no universo Apple 🍏

#apple #macbook #macbookneo #tecnologia #notebook #laptop #megaeletronicos #paraguay #ciudaddeleste #reels #tiktok #viral 💻🔥",49,"03/17/2026 12:21",N/A,https://www.facebook.com/reel/1854233405281146/,0,0,Vídeos,,,,,Total,512,474,9,8,1,0,1,,1,,,4410.716,9.609,0,1.87,1
122178373226772199,61573165978085,"Mega Eletrônicos Paraguai","Samsung S25 vs Samsung S26 👀
Pt. 2: neste vídeo vamos analisar as câmeras 📸

Será que tem muita diferença? 🤔
O que vocês acham?

#samsung #s25 #s26 #samsunggalaxy #tecnologia #cameras #comparacao #megaelectronicos #paraguay #ciudaddeleste #cde #parati","Samsung S25 vs Samsung S26 👀
Pt. 2: neste vídeo vamos analisar as câmeras 📸

Será que tem muita diferença? 🤔
O que vocês acham?

#samsung #s25 #s26 #samsunggalaxy #tecnologia #cameras #comparacao #megaelectronicos #paraguay #ciudaddeleste #cde #parati",31,"03/16/2026 13:39",N/A,https://www.facebook.com/reel/964008656277311/,0,0,Vídeos,,,,,Total,404,380,0,0,0,0,1,,1,,,2674.968,7.288,0,0,0
122178337022772199,61573165978085,"Mega Eletrônicos Paraguai","A Campanha de Outono da Mega Eletrônicos já começou e está cheia de oportunidades para quem quer aproveitar preços incríveis em tecnologia 📱🔥

Se você está planejando visitar Ciudad del Este, este é o momento perfeito para passar na nossa loja e encontrar produtos selecionados com grandes descontos.

Celulares, fones, gadgets e muito mais esperando por você na fronteira 🛍️

Venha conhecer a loja e aproveitar as ofertas pessoalmente!

📍 Mega Eletrônicos – Ciudad del Este, Paraguai

#megaelectronicos #ciudaddeleste #comprasnoparaguai #fronteira #tecnologia #ofertas #brasil #turismo #electronicos 🍂📱","A Campanha de Outono da Mega Eletrônicos já começou e está cheia de oportunidades para quem quer aproveitar preços incríveis em tecnologia 📱🔥

Se você está planejando visitar Ciudad del Este, este é o momento perfeito para passar na nossa loja e encontrar produtos selecionados com grandes descontos.

Celulares, fones, gadgets e muito mais esperando por você na fronteira 🛍️

Venha conhecer a loja e aproveitar as ofertas pessoalmente!

📍 Mega Eletrônicos – Ciudad del Este, Paraguai

#megaelectronicos #ciudaddeleste #comprasnoparaguai #fronteira #tecnologia #ofertas #brasil #turismo #electronicos 🍂📱",22,"03/16/2026 06:38",N/A,https://www.facebook.com/reel/3847382852222474/,0,0,Vídeos,,,,,Total,831,763,5,3,0,2,5,,5,,,3137.473,4.2,0,0,0
122178149402772199,61573165978085,"Mega Eletrônicos Paraguai","Evita problemas al comprarte estos auriculares QCY 😎    #megaelectronicos #paraguay #gamer","Evite problemas ao comprar estes fones da QCY 😎

#megaelectronicos #paraguay #gamer",60,"03/14/2026 17:37",N/A,https://www.facebook.com/reel/1966680767569376/,1,0,Vídeos,,,,,Total,392,369,3,3,0,0,1,,1,,,1759.112,4.872,0,0,0
122178028358772199,61573165978085,"Mega Eletrônicos Paraguai","Qual você escolheria? 🤔
Samsung Galaxy S26 VS Samsung Galaxy S25

Será que vale a troca ou o S25 ainda compensa? 👀

#megaelectronicos #paraguay #tecnologia #ciudaddeleste #parati","Qual você escolheria? 🤔
Samsung Galaxy S26 VS Samsung Galaxy S25

Será que vale a troca ou o S25 ainda compensa? 👀

#megaelectronicos #paraguay #tecnologia #ciudaddeleste #parati",43,"03/13/2026 14:25",N/A,https://www.facebook.com/reel/2147500755787498/,1,0,Vídeos,,,,,Total,871,779,4,4,0,0,2,,2,,,6274.277,8.085,0,0.47,1
122177854592772199,61573165978085,"Mega Eletrônicos Paraguai","Celulares por menos de R$ 450,00 🤯
#paraguai #megaeletronicos","Celulares por menos de R$ 450,00 🤯
#paraguai #megaeletronicos",41,"03/12/2026 14:48",N/A,https://www.facebook.com/reel/1142459051288277/,1,0,Vídeos,,,,,Total,438,366,6,6,0,0,3,,3,,,4740.631,12.442,0,0,0
122177701874772199,61573165978085,"Mega Eletrônicos Paraguai","Totalmente identificada 🥹🤐💸

#perfumes #lhaya #comprasnoparaguai #humor","Totalmente identificada 🥹🤐💸

#perfumes #lhaya #comprasnoparaguai #humor",20,"03/11/2026 13:01",N/A,https://www.facebook.com/reel/907003691941261/,1,0,Vídeos,,,,,Total,831,800,3,2,0,1,0,,,,,3670.22,4.816,0,0,0
122177566538772199,61573165978085,"Mega Eletrônicos Paraguai","Este lançamento da POCO vai explodir sua cabeça 🤯

Dizem por aí que o POCO X8 pode ser um dos celulares com melhor bateria em custo-benefício 🔥
Assiste até o final e conta pra gente sua opinião 👀👇

#poco #pocox8 #smartphone #lancamento #megaeletronicos #paraguay #ciudaddeleste 🔥📱","Este lançamento da POCO vai explodir sua cabeça 🤯

Dizem por aí que o POCO X8 pode ser um dos celulares com melhor bateria em custo-benefício 🔥
Assiste até o final e conta pra gente sua opinião 👀👇

#poco #pocox8 #smartphone #lancamento #megaeletronicos #paraguay #ciudaddeleste 🔥📱",69,"03/10/2026 13:00",N/A,https://www.facebook.com/reel/683183608188891/,1,0,Vídeos,,,,,Total,313,259,10,10,0,0,0,,,,,4793.791,18.158,0,0,0
122177430764772199,61573165978085,"Mega Eletrônicos Paraguai","Este microfone da Boya vai te surpreender com o preço 😍

#preçojusto #comprasemparaguai #cde #paraguai","Este microfone da Boya vai te surpreender com o preço 😍

#preçojusto #comprasemparaguai #cde #paraguai",52,"03/09/2026 15:12",N/A,https://www.facebook.com/reel/1444662243828033/,1,0,Vídeos,,,,,Total,281,264,1,1,0,0,0,,,,,1563.137,6.129,0,0,0
122177240588772199,61573165978085,"Mega Eletrônicos Paraguai","🌷 Hoje celebramos a força que inspira o mundo.

Cada mulher que luta, sonha, conquista e faz a diferença abre um caminho para quem vem depois. Porque mulheres fortes não nascem prontas… elas são inspiradas todos os dias.

Hoje celebramos sua coragem, sua determinação e tudo o que representam para o mundo. 💫

A Mega Eletrônicos tem orgulho de celebrar com vocês.

Feliz Dia das Mulheres! 💐✨

⸻

🌷 Hoy celebramos la fuerza que inspira al mundo.

Cada mujer que lucha, sueña, conquista y marca la diferencia abre un camino para las que vienen después. Porque las mujeres fuertes no nacen listas… son inspiradas todos los días.

Hoy celebramos su coraje, su determinación y todo lo que representan para el mundo. 💫

En Mega Electrónicos tenemos el orgullo de celebrar con ustedes.

¡Feliz Día de la Mujer! 💐✨

#DiaDasMulheres #DiaDeLaMujer #MulheresFortes #MujeresFuertes","🌷 Hoje celebramos a força que inspira o mundo.

Cada mulher que luta, sonha, conquista e faz a diferença abre um caminho para quem vem depois. Porque mulheres fortes não nascem prontas… elas são inspiradas todos os dias.

Hoje celebramos sua coragem, sua determinação e tudo o que representam para o mundo. 💫

A Mega Eletrônicos tem orgulho de celebrar com vocês.

Feliz Dia das Mulheres! 💐✨

⸻

🌷 Hoy celebramos la fuerza que inspira al mundo.

Cada mujer que lucha, sueña, conquista y marca la diferencia abre un camino para las que vienen después. Porque las mujeres fuertes no nacen listas… son inspiradas todos los días.

Hoy celebramos su coraje, su determinación y todo lo que representan para el mundo. 💫

En Mega Electrónicos tenemos el orgullo de celebrar con ustedes.

¡Feliz Día de la Mujer! 💐✨

#DiaDasMulheres #DiaDeLaMujer #MulheresFortes #MujeresFuertes",82,"03/08/2026 09:00",N/A,https://www.facebook.com/reel/918740960886295/,1,0,Vídeos,,,,,Total,464,398,8,6,0,2,4,,4,,,2856.937,6.706,0,0,0
122177124704772199,61573165978085,"Mega Eletrônicos Paraguai","🔥 Chegou o itel Super 26 Ultra — o novo nível chegou!
Tela AMOLED curva de 6,78” com 144Hz, bateria monstro de 6.000 mAh, câmera de 50MP e NFC para pagamento por aproximação. Tudo isso com Android 15 e 256GB de armazenamento.
Tecnologia premium sem abrir mão do bolso. 💪

#itel #Super26Ultra #itelSuper26 #Lançamento #Smartphone Android15 NFC","🔥 Chegou o itel Super 26 Ultra — o novo nível chegou!
Tela AMOLED curva de 6,78” com 144Hz, bateria monstro de 6.000 mAh, câmera de 50MP e NFC para pagamento por aproximação. Tudo isso com Android 15 e 256GB de armazenamento.
Tecnologia premium sem abrir mão do bolso. 💪

#itel #Super26Ultra #itelSuper26 #Lançamento #Smartphone Android15 NFC",62,"03/07/2026 07:51",mixed,https://www.facebook.com/reel/2182542082572956/,1,0,Vídeos,,,,,Total,262,246,2,2,0,0,1,,1,,,2729.236,11.515,0.01,0,0
122177124050772199,61573165978085,"Mega Eletrônicos Paraguai","🔥 Chegou o itel Super 26 Ultra — o novo nível chegou!
Tela AMOLED curva de 6,78” com 144Hz, bateria monstro de 6.000 mAh, câmera de 50MP e NFC para pagamento por aproximação. Tudo isso com Android 15 e 256GB de armazenamento.
Tecnologia premium sem abrir mão do bolso. 💪

#itel #Super26Ultra #itelSuper26 #Lançamento #Smartphone Android15 NFC","🔥 Chegou o itel Super 26 Ultra — o novo nível chegou!
Tela AMOLED curva de 6,78” com 144Hz, bateria monstro de 6.000 mAh, câmera de 50MP e NFC para pagamento por aproximação. Tudo isso com Android 15 e 256GB de armazenamento.
Tecnologia premium sem abrir mão do bolso. 💪

#itel #Super26Ultra #itelSuper26 #Lançamento #Smartphone Android15 NFC",62,"03/07/2026 07:43",auto,https://www.facebook.com/reel/1493662158849607/,1,0,Vídeos,,,,,Total,247,230,1,1,0,0,1,,1,,,1540.968,7.068,0,0,0
122177011088772199,61573165978085,"Mega Eletrônicos Paraguai","Vai te surpreender como esse celular é parecido com o Galaxy S26, conheça o Itel Super 26 🤩

#itel #super26 #samsung #s26","Vai te surpreender como esse celular é parecido com o Galaxy S26, conheça o Itel Super 26 🤩

#itel #super26 #samsung #s26",44,"03/06/2026 08:03",N/A,https://www.facebook.com/reel/1728657854556922/,1,0,Vídeos,,,,,Total,372,323,6,4,0,2,0,,,,,2690.605,8.128,0,0,0
122176976648772199,61573165978085,"Mega Eletrônicos Paraguai","Novidades dos novos lançamentos da Apple 🍏👀","Bem-vindos ao setor de fofoca da Mega Eletrônicos 😏

O que vocês acham dessas novidades?
Deixa aqui embaixo nos comentários 👇",77,"03/06/2026 02:18",N/A,https://www.facebook.com/reel/1859699561351432/,0,0,Vídeos,,,,,Total,287,286,0,0,0,0,0,,,,,1497.269,5.444,0,0,0
122176882412772199,61573165978085,"Mega Eletrônicos Paraguai","Finalmente chegou o momento de comprar meu telefone sonhado 🥹😍
#comprasnoparaguai","Finalmente chegou o momento de comprar meu telefone sonhado 🥹😍
#comprasnoparaguai",21,"03/05/2026 06:09",N/A,https://www.facebook.com/reel/1818793775744861/,1,0,Vídeos,,,,,Total,1385,1251,5,5,0,0,8,,8,,,6971.21,5.887,0,0,0
122176827950772199,61573165978085,"Mega Eletrônicos Paraguai","O MAC MAIS BARATO DA HISTÓRIA! 🍎

O primeiro MacBook da Apple que foi desenvolvido com o processador original para IPhones, rodando com chip A18 Pro.

No Brasil estimasse que estará no valor inicial de R$7.299! 😍

E aí, acharam barato mesmo? 🫣
Comente aqui
—
¡EL MAC MÁS BARATO DE LA HISTORIA! 🍎

El primer MacBook de Apple que fue desarrollado con el procesador original para iPhones, funcionando con el chip A18 Pro.

Entonces, lo encontraron realmente barato? 🫣

Comenta aquí

#paraguai #apple #comprasparaguai #megaeletronicos","O MAC MAIS BARATO DA HISTÓRIA! 🍎

O primeiro MacBook da Apple que foi desenvolvido com o processador original para IPhones, rodando com chip A18 Pro.

No Brasil estimasse que estará no valor inicial de R$7.299! 😍

E aí, acharam barato mesmo? 🫣
Comente aqui
—
¡EL MAC MÁS BARATO DE LA HISTORIA! 🍎

El primer MacBook de Apple que fue desarrollado con el procesador original para iPhones, funcionando con el chip A18 Pro.

Entonces, lo encontraron realmente barato? 🫣

Comenta aquí

#paraguai #apple #comprasparaguai #megaeletronicos",50,"03/04/2026 17:49",N/A,https://www.facebook.com/reel/1291804499431839/,1,0,Vídeos,,,,,Total,1559,1297,13,13,0,0,9,,9,,,18319.363,13.742,0,0,0
122176811282772199,61573165978085,"Mega Eletrônicos Paraguai","O Samsung S26 Ultra existe… e no Paraguai ele custa quase R$ 2.500 a menos que no Brasil. 👀🔥
200MP, zoom óptico de 10x, S Pen, o processador mais potente de 2026 e tela de 6.9”... O topo absoluto chegou. 📸✨

No Brasil passa de R$ 10.000.
Aqui no Paraguai? US$ 1.395. 💸
Original, lacrado, versão global. A diferença não é no aparelho… é no preço. 😤

👇 Comenta “S26” aqui embaixo que te explico como garantir o seu com segurança!
.
#samsung #samsungs26ultra #s26","O Samsung S26 Ultra existe… e no Paraguai ele custa quase R$ 2.500 a menos que no Brasil. 👀🔥
200MP, zoom óptico de 10x, S Pen, o processador mais potente de 2026 e tela de 6.9”... O topo absoluto chegou. 📸✨

No Brasil passa de R$ 10.000.
Aqui no Paraguai? US$ 1.395. 💸
Original, lacrado, versão global. A diferença não é no aparelho… é no preço. 😤

👇 Comenta “S26” aqui embaixo que te explico como garantir o seu com segurança!
.
#samsung #samsungs26ultra #s26",74,"03/04/2026 14:29",N/A,https://www.facebook.com/reel/1521815219578333/,1,0,Vídeos,,,,,Total,290,235,4,3,1,0,3,,3,,,4055.947,15.134,0,0,0
122176741682772199,61573165978085,"Mega Eletrônicos Paraguai","Mega Eletrônicos Paraguai adicionou uma nova foto.",,0,"03/04/2026 04:00",N/A,https://www.facebook.com/photo.php?fbid=122176741682772199&set=a.122096141354772199&type=3,0,0,Fotos,,,,,Total,170,130,4,4,0,0,0,,,,,,,,,
122176740704772199,61573165978085,"Mega Eletrônicos Paraguai","Mega Eletrônicos Paraguai atualizou a foto da capa.",,0,"03/04/2026 03:55",N/A,https://www.facebook.com/photo.php?fbid=122176740704772199&set=a.122097182354772199&type=3,0,0,Fotos,,,,,Total,0,0,0,0,0,0,0,,,,,,,,,
122176659608772199,61573165978085,"Mega Eletrônicos Paraguai","Direto de Barcelona, a Mega Eletrônicos está trazendo todos os detalhes do evento Mobile World Congress 2026.

O que estamos vendo nos corredores é surreal. Robótica avançada, telas que desafiam a física e a Inteligência Artificial finalmente chegando ao mundo real. É o futuro, sem filtros, na palma da mão.

A Xiaomi paralisou o evento, apresentando seus novos dispositivos com IA e o tão esperado Xiaomi 17 Ultra Global. Estamos falando do Snapdragon 8 Elite, o chip mais veloz do planeta, e uma câmera periscópica de 200 MP. Não é só um zoom impressionante, é engenharia óptica levada ao limite absoluto. Sem dúvida, é o novo padrão da fotografia mobile.

O nível do jogo subiu e a Mega Eletrônicos vai garantir que você tenha todas essas novidades em primeira mão. Me conta, qual dessas novidades te deixou mais ansioso? Comenta aqui","Direto de Barcelona, a Mega Eletrônicos está trazendo todos os detalhes do evento Mobile World Congress 2026.

O que estamos vendo nos corredores é surreal. Robótica avançada, telas que desafiam a física e a Inteligência Artificial finalmente chegando ao mundo real. É o futuro, sem filtros, na palma da mão.

A Xiaomi paralisou o evento, apresentando seus novos dispositivos com IA e o tão esperado Xiaomi 17 Ultra Global. Estamos falando do Snapdragon 8 Elite, o chip mais veloz do planeta, e uma câmera periscópica de 200 MP. Não é só um zoom impressionante, é engenharia óptica levada ao limite absoluto. Sem dúvida, é o novo padrão da fotografia mobile.

O nível do jogo subiu e a Mega Eletrônicos vai garantir que você tenha todas essas novidades em primeira mão. Me conta, qual dessas novidades te deixou mais ansioso? Comenta aqui",74,"03/03/2026 12:53",N/A,https://www.facebook.com/reel/939426671969186/,1,0,Vídeos,,,,,Total,322,290,3,3,0,0,0,,,,,1882.59,6.213,0,0,0
122176632548772199,61573165978085,"Mega Eletrônicos Paraguai","3 opções de notebooks perfeitas para estudantes 🤩","Qual você gostou? 
#comprasparaguai #paraguai",47,"03/03/2026 07:24",N/A,https://www.facebook.com/reel/957796136657113/,0,0,Vídeos,,,,,Total,184,173,0,0,0,0,1,,1,,,2093.885,12.613,0,0,0
122176549160772199,61573165978085,"Mega Eletrônicos Paraguai","Se amar todos os perfumes fosse crime… já estaríamos atrás das grades. 💔✨

Mas a boa notícia é que você pode ter todos eles sem culpa.

Na Mega Electrónicos, os perfumes estão com até 75% de desconto.

É o momento perfeito para encontrar sua nova fragrância favorita.
#paraguai",,0,"03/02/2026 15:00",N/A,https://www.facebook.com/megaeletronicosoficialpy/posts/pfbid02jc5a13RWb1MyNv16ZZVa9vVBK2E2EEPQG5N8Kjv9zvi3xJ8tDfCAzn5STE6ZvYBnl,0,0,Fotos,,,,,Total,292,190,1,1,0,0,5,5,,,,,,,,
122176394018772199,61573165978085,"Mega Eletrônicos Paraguai","No Brasil tá difícil, mas na Mega Eletrônicos o jogo é outro! 🇵🇾✨

Do dia 1 a 15 de março, acontece o nosso MEGA CLIENTE! São descontos reais de até 80% em produtos selecionados. 😱
Não é compra por impulso, é responsabilidade financeira aproveitar o melhor preço das Américas! 😉

📍 Visite nossa loja e garanta suas sacolas cheias antes que acabe!

#MegaEletrônicos #ComprasNoParaguai #MegaCliente #Descontos #Eletrônicos Ofertas Paraguai","No Brasil tá difícil, mas na Mega Eletrônicos o jogo é outro! 🇵🇾✨

Do dia 1 a 15 de março, acontece o nosso MEGA CLIENTE! São descontos reais de até 80% em produtos selecionados. 😱
Não é compra por impulso, é responsabilidade financeira aproveitar o melhor preço das Américas! 😉

📍 Visite nossa loja e garanta suas sacolas cheias antes que acabe!

#MegaEletrônicos #ComprasNoParaguai #MegaCliente #Descontos #Eletrônicos Ofertas Paraguai",48,"03/01/2026 07:04",N/A,https://www.facebook.com/reel/2286227828566996/,1,0,Vídeos,,,,,Total,355,290,7,7,0,0,1,,1,,,2571.176,8.43,0,0,0
122176140620772199,61573165978085,"Mega Eletrônicos Paraguai","Já estamos prontos te esperando 🫣😏🤝

Mega Eletrônicos- A loja que ama os bons preços!
.
#eletrônicos #tecnologia #megaeletronicos #comprasparaguai","Já estamos prontos te esperando 🫣😏🤝

Mega Eletrônicos- A loja que ama os bons preços!
.
#eletrônicos #tecnologia #megaeletronicos #comprasparaguai",14,"02/27/2026 06:37",N/A,https://www.facebook.com/reel/1618443792836178/,1,0,Vídeos,,,,,Total,251,227,1,1,0,0,1,,1,,,1062.195,4.763,0,0,0
122176016438772199,61573165978085,"Mega Eletrônicos Paraguai","Lançamento oficial do Samsung Galaxy S26 Ultra
Um dos cores mais desejados: roxo 😍😍
#samsung #galaxyS26 #s26 #SamsungS26Ultra","Lançamento oficial do Samsung Galaxy S26 Ultra
Um dos cores mais desejados: roxo 😍😍
#samsung #galaxyS26 #s26 #SamsungS26Ultra",16,"02/26/2026 06:28",N/A,https://www.facebook.com/reel/2285467588611773/,0,0,Vídeos,,,,,Total,227,192,1,1,0,0,0,,,,,921.634,4.825,0,0,0
122175898700772199,61573165978085,"Mega Eletrônicos Paraguai","Lançamento oficial do Samsung Galaxy S26","Um dos cores mais desejados: roxo 😍😍
#samsung #galaxyS26 #s26 #samsungs26",16,"02/25/2026 10:42",N/A,https://www.facebook.com/reel/1210926044511661/,0,0,Reels,,,,,Total,566,488,5,3,0,2,7,,7,,,1974.71,3.918,0,,0
122175896138772199,61573165978085,"Mega Eletrônicos Paraguai","Último momento ⚠️","Esse é o lançamento oficial do Samsung Galaxy S26 Ultra 😱
O que vocês acharam ? Curtiram? 😍

#Samsung2026  #lançamento #Samsung",41,"02/25/2026 10:21",N/A,https://www.facebook.com/reel/4322091638004009/,0,0,Reels,,,,,Total,1260,904,13,12,0,1,1,,1,,,9005.956,8.512,0,,0
122175786920772199,61573165978085,"Mega Eletrônicos Paraguai","Todos reagiram igual à Juliana 😂🔥",,26,"02/24/2026 11:40",N/A,https://www.facebook.com/reel/1800964520581699/,0,0,Reels,,,,,Total,390,373,4,4,0,0,1,,1,,,2844.958,7.946,0,,1
122175739922772199,61573165978085,"Mega Eletrônicos Paraguai","Mega Eletrônicos Paraguai adicionou uma nova foto.",,0,"02/24/2026 02:40",N/A,https://www.facebook.com/photo.php?fbid=122175739922772199&set=a.122096141354772199&type=3,0,0,Fotos,,,,,Total,178,124,4,4,0,0,1,,1,,,,,,,
122175681650772199,61573165978085,"Mega Eletrônicos Paraguai","🚨 SAMSUNG GALAXY S26: TUDO O QUE SABEMOS ATÉ AGORA!

Segundo os vazamentos, a Samsung está prestes a mudar o jogo — e a gente foi pesquisar tudo pra te contar antes de todo mundo! 👇
📱 Galaxy S26 — Tela de 6,3 polegadas e bateria que finalmente aguenta o dia todo. Chip Snapdragon de 3nm pra deixar tudo voando. Pequeno por fora, brutal por dentro.
👑 Galaxy S26 Ultra — O monstro chegou. Câmera de 200MP com IA gerando fotos espaciais e surreais. Tela OLED M14, a mais brilhante do mundo. Corpo em titânio puro. Isso não é celular, é obra de arte.
🎧 Galaxy Buds 4 & Buds 4 Pro — Cancelamento de ruído nível “sumiu do mundo” e controles por movimento de cabeça. Atender ligação mexendo só a testa? A Samsung tá brincando com a gente… ou não.
Será que a Samsung vai cumprir tudo isso ou é só hype? 🤔 Comenta aqui o que você mais quer ver chegando!

🔔 ATENÇÃO: Na quarta-feira, dia 25 de fevereiro, faremos a cobertura oficial do lançamento AO VIVO! Segue a gente aqui e ativa o sininho pra não perder nada! 🚀📱
.
#SamsungGalaxyS26 #GalaxyS26Ultra #Samsung2025 #LançamentoSamsung #tech","🚨 SAMSUNG GALAXY S26: TUDO O QUE SABEMOS ATÉ AGORA!

Segundo os vazamentos, a Samsung está prestes a mudar o jogo — e a gente foi pesquisar tudo pra te contar antes de todo mundo! 👇
📱 Galaxy S26 — Tela de 6,3 polegadas e bateria que finalmente aguenta o dia todo. Chip Snapdragon de 3nm pra deixar tudo voando. Pequeno por fora, brutal por dentro.
👑 Galaxy S26 Ultra — O monstro chegou. Câmera de 200MP com IA gerando fotos espaciais e surreais. Tela OLED M14, a mais brilhante do mundo. Corpo em titânio puro. Isso não é celular, é obra de arte.
🎧 Galaxy Buds 4 & Buds 4 Pro — Cancelamento de ruído nível “sumiu do mundo” e controles por movimento de cabeça. Atender ligação mexendo só a testa? A Samsung tá brincando com a gente… ou não.
Será que a Samsung vai cumprir tudo isso ou é só hype? 🤔 Comenta aqui o que você mais quer ver chegando!

🔔 ATENÇÃO: Na quarta-feira, dia 25 de fevereiro, faremos a cobertura oficial do lançamento AO VIVO! Segue a gente aqui e ativa o sininho pra não perder nada! 🚀📱
.
#SamsungGalaxyS26 #GalaxyS26Ultra #Samsung2025 #LançamentoSamsung #tech",65,"02/23/2026 14:04",N/A,https://www.facebook.com/reel/1702758684026091/,1,0,Reels,,,,,Total,418,296,4,2,0,2,3,,3,,,2944.545,7.608,0,,0
122175624854772199,61573165978085,"Mega Eletrônicos Paraguai","A Mega vai entregar TUDO. 💎🔥

Na Mega Eletrônicos, não existe meio-termo. Nossa equipe já está preparando uma seleção de ofertas pensada para surpreender até os clientes mais exigentes.

Tecnologia, tendências, desejos e oportunidades que simplesmente não dá para ignorar.

Se é Crazy Week, é para ser insana.
Se é Mega, é para ser inesquecível.

Você está pronto para o que vem por aí?

#MegaEletro #CrazyWeek2026 #MelhoresOfertas #TechLovers #Paraguai 🚀💎",,0,"02/23/2026 04:02",N/A,https://www.facebook.com/megaeletronicosoficialpy/posts/pfbid02a95e5U1ZWsJLJu3Hjvffy6DrfxeYjYSLmjqvtV8UwWAPQ4ELpBNQRQoDaRvi8aZJl,0,0,Fotos,,,,,Total,186,130,2,0,0,2,2,,2,,,,,,,
122175550910772199,61573165978085,"Mega Eletrônicos Paraguai","A Mega Eletrônicos está pronta para a Crazy Week! 💎🤪

Nossa equipe de especialistas já está selecionando a dedo os itens que vão entrar na lista mais desejada do ano. O objetivo é claro: garantir que nossos clientes tenham acesso às melhores ofertas que já viram na vida.

Da tecnologia de ponta aos cosméticos do momento, estamos preparando tudo para que sua experiência na Mega seja, além de econômica, inesquecível.

Os melhores preços você só encontra aqui. Você está pronto?

#MegaEletro #CrazyWeek2026 #MelhoresOfertas #TechLovers #paraguai","A Mega Eletrônicos está pronta para a Crazy Week! 💎🤪

Nossa equipe de especialistas já está selecionando a dedo os itens que vão entrar na lista mais desejada do ano. O objetivo é claro: garantir que nossos clientes tenham acesso às melhores ofertas que já viram na vida.

Da tecnologia de ponta aos cosméticos do momento, estamos preparando tudo para que sua experiência na Mega seja, além de econômica, inesquecível.

Os melhores preços você só encontra aqui. Você está pronto?

#MegaEletro #CrazyWeek2026 #MelhoresOfertas #TechLovers #paraguai",11,"02/22/2026 11:17",N/A,https://www.facebook.com/reel/1551367045953952/,1,0,Reels,,,,,Total,515,413,6,3,1,2,11,,11,,,2590.401,6.226,0,,0
122175427862772199,61573165978085,"Mega Eletrônicos Paraguai","O fim da privacidade para os curiosos? 🤫📱 O Galaxy S26 Ultra vazou e o que está por vir é surreal!
O que mais me chamou a atenção: a tecnologia Flex Magic Pixel. Imagina o xereta ao seu lado não conseguindo ver nada porque a tela escurece dependendo do ângulo. 🕵️‍♂️🚫

Mas não para por aí:
📸 Câmera de 200 MP: Zoom profissional e fotos noturnas que parecem tiradas com uma câmera de cinema.
🤖 IA Revolucionária: Agora a inteligência artificial edita suas fotos sozinha e transforma qualquer vídeo em conteúdo de nível profissional num piscar de olhos.
🚀 Poder Bruto: Snapdragon 8 Elite Gen 5 com até 16GB de RAM. É feito para ser o celular mais rápido do mundo.
Tudo isso tem um preço: os rumores falam em cerca de R$12.000.* 💸

👇 E aí, você teria um S26 Ultra ou acha que a Samsung foi longe demais? Comenta aqui!
.
#Samsung #GalaxyS26Ultra #TechNews #Snapdragon8Elite #IA Vazamentos Smartphones2026 Tecnologia","O fim da privacidade para os curiosos? 🤫📱 O Galaxy S26 Ultra vazou e o que está por vir é surreal!
O que mais me chamou a atenção: a tecnologia Flex Magic Pixel. Imagina o xereta ao seu lado não conseguindo ver nada porque a tela escurece dependendo do ângulo. 🕵️‍♂️🚫

Mas não para por aí:
📸 Câmera de 200 MP: Zoom profissional e fotos noturnas que parecem tiradas com uma câmera de cinema.
🤖 IA Revolucionária: Agora a inteligência artificial edita suas fotos sozinha e transforma qualquer vídeo em conteúdo de nível profissional num piscar de olhos.
🚀 Poder Bruto: Snapdragon 8 Elite Gen 5 com até 16GB de RAM. É feito para ser o celular mais rápido do mundo.
Tudo isso tem um preço: os rumores falam em cerca de R$12.000.* 💸

👇 E aí, você teria um S26 Ultra ou acha que a Samsung foi longe demais? Comenta aqui!
.
#Samsung #GalaxyS26Ultra #TechNews #Snapdragon8Elite #IA Vazamentos Smartphones2026 Tecnologia",55,"02/21/2026 11:49",N/A,https://www.facebook.com/reel/2455594724900753/,1,0,Reels,,,,,Total,315,254,3,3,0,0,0,,,,,1969.203,6.909,0,,0
122175379406772199,61573165978085,"Mega Eletrônicos Paraguai","Última chance de viver a Mega Folia! 🎉✨

O evento mais animado do ano está chegando ao fim, mas ainda dá tempo de você fechar com chave de ouro! 🔑💰 Além das ofertas incríveis, preparamos uma experiência completa com música, drinks, dançarinas e aquela energia que só a Mega tem!

⚠️ CORRE: Estaremos abertos hoje só até às 15:00! Não deixe essa oportunidade passar, porque depois dessa, não tem mais! 🏃💨

📍 Te esperamos na Mega Eletrônicos!

#MegaFolia2026 #MegaEletronicos #Ofertas #Carnaval #Descontos","Última chance de viver a Mega Folia! 🎉✨

O evento mais animado do ano está chegando ao fim, mas ainda dá tempo de você fechar com chave de ouro! 🔑💰 Além das ofertas incríveis, preparamos uma experiência completa com música, drinks, dançarinas e aquela energia que só a Mega tem!

⚠️ CORRE: Estaremos abertos hoje só até às 15:00! Não deixe essa oportunidade passar, porque depois dessa, não tem mais! 🏃💨

📍 Te esperamos na Mega Eletrônicos!

#MegaFolia2026 #MegaEletronicos #Ofertas #Carnaval #Descontos",42,"02/21/2026 03:32",N/A,https://www.facebook.com/reel/1566544827910632/,1,0,Reels,,,,,Total,137,136,3,1,0,2,0,,,,,568.022,4.303,0,,0
122175274544772199,61573165978085,"Mega Eletrônicos Paraguai","Feliz dia para quem diz “mais uma por garantia” 📸😂
Hoje celebramos quem faz mágica por trás das câmeras 

Feliz Dia do Camarógrafo e Fotógrafo 👏
#felizdiadofotografo #20defevereiro","Feliz dia para quem diz “mais uma por garantia” 📸😂
Hoje celebramos quem faz mágica por trás das câmeras 

Feliz Dia do Camarógrafo e Fotógrafo 👏
#felizdiadofotografo #20defevereiro",15,"02/20/2026 05:52",N/A,https://www.facebook.com/reel/26044907385162035/,1,0,Reels,,,,,Total,446,457,2,2,0,0,1,,1,,,1849.847,4.556,0,,0
122175070574772199,61573165978085,"Mega Eletrônicos Paraguai","O final KKKKKK 😭😂 

Se vai errar… que pelo menos esteja cheirando bem 😌✨

 Paco Rabanne Million Gold Elixir Parfum Intense 100 ml – U$ 67.00
 Paco Rabanne Invictus Victory EDP 100 ml – U$ 63.80
 Jean Paul Gaultier Scandal EDT 100 ml – U$ 64.00
 Paco Rabanne Black XS EDT 100 ml – U$ 62.00
 Montblanc Explorer EDP 100 ml – U$ 43.00
 Lattafa ASAD EDP 100 ml – U$ 16.50

Todos esses perfumes você encontra aqui na Mega Eletrônicos 💙
Te esperamos em Ciudad del Este, vem escolher o seu perfume favorito! ✨

#perfumes #fragancias #megaeletronicos #paraguay 😏","O final KKKKKK 😭😂 

Se vai errar… que pelo menos esteja cheirando bem 😌✨

 Paco Rabanne Million Gold Elixir Parfum Intense 100 ml – U$ 67.00
 Paco Rabanne Invictus Victory EDP 100 ml – U$ 63.80
 Jean Paul Gaultier Scandal EDT 100 ml – U$ 64.00
 Paco Rabanne Black XS EDT 100 ml – U$ 62.00
 Montblanc Explorer EDP 100 ml – U$ 43.00
 Lattafa ASAD EDP 100 ml – U$ 16.50

Todos esses perfumes você encontra aqui na Mega Eletrônicos 💙
Te esperamos em Ciudad del Este, vem escolher o seu perfume favorito! ✨

#perfumes #fragancias #megaeletronicos #paraguay 😏",17,"02/18/2026 12:01",N/A,https://www.facebook.com/reel/1869726623658233/,1,0,Reels,,,,,Total,447,363,4,2,0,2,3,,3,,,2664.507,7.086,0,,0
122174914208772199,61573165978085,"Mega Eletrônicos Paraguai","✨ O celular perfeito para um arquiteto 📐

Imagine apresentar seus projetos, renders ou avanços diretamente na parede… sem cabos, sem equipamentos extras.

O Blackview Xplore 2 com projetor integrado leva suas apresentações a outro nível.
Feito para profissionais que precisam de praticidade, potência e presença em cada reunião.

#tecnologia #smartphone #inovacao #megaeletronicos #paraguay #ciudaddeleste 📱✨","✨ O celular perfeito para um arquiteto 📐

Imagine apresentar seus projetos, renders ou avanços diretamente na parede… sem cabos, sem equipamentos extras.

O Blackview Xplore 2 com projetor integrado leva suas apresentações a outro nível.
Feito para profissionais que precisam de praticidade, potência e presença em cada reunião.

#tecnologia #smartphone #inovacao #megaeletronicos #paraguay #ciudaddeleste 📱✨",56,"02/17/2026 07:01",N/A,https://www.facebook.com/reel/1429351605234114/,0,0,Reels,,,,,Total,317,296,5,1,1,3,2,,2,,,2258.134,7.577,0,,0
122174555048772199,61573165978085,"Mega Eletrônicos Paraguai","🔥 SMARTWATCH COM GPS POR MENOS DE U$ 44? SIM! ⌚✨
Conhece o Mibro Lite 3 Pro? Esse relógio tá fazendo sucesso e não é à toa! 👀
✅ GPS integrado pra treinos ao ar livre
✅ Design moderno e elegante (cor Blackish Green 💚)
✅ Monitora saúde completa: batimentos, atividades, sono
✅ Bateria de longa duração — vários dias sem carregar 🔋
✅ Conexão Bluetooth — notificações direto no pulso 📲

E o melhor: tudo isso por apenas U$ 44.00! 🤯
Custo-benefício ABSURDO pra quem quer tecnologia sem pesar no bolso! 💰

#mibro #Smartwatch","🔥 SMARTWATCH COM GPS POR MENOS DE U$ 44? SIM! ⌚✨
Conhece o Mibro Lite 3 Pro? Esse relógio tá fazendo sucesso e não é à toa! 👀
✅ GPS integrado pra treinos ao ar livre
✅ Design moderno e elegante (cor Blackish Green 💚)
✅ Monitora saúde completa: batimentos, atividades, sono
✅ Bateria de longa duração — vários dias sem carregar 🔋
✅ Conexão Bluetooth — notificações direto no pulso 📲

E o melhor: tudo isso por apenas U$ 44.00! 🤯
Custo-benefício ABSURDO pra quem quer tecnologia sem pesar no bolso! 💰

#mibro #Smartwatch",32,"02/14/2026 09:26",N/A,https://www.facebook.com/reel/892184283405833/,1,0,Reels,,,,,Total,423,381,3,2,0,1,3,,3,,,2255.416,5.919,0,,0
122174456096772199,61573165978085,"Mega Eletrônicos Paraguai","Chegou a Mega Folia! 🥳

🎉 Chegou a Mega Folia! 🥳

Vem para o nosso bloco de descontos e aproveita como nunca!

📅 Dias 14, 16 e 17 de fevereiro.
Os descontos de Carnaval mais loucos do ano!

📍 Estamos no centro de Ciudad del Este, Paraguai, a apenas 350 metros da fronteira com Foz do Iguaçu.

Te esperamos na loja que ama bons preços! 💙",,0,"02/13/2026 13:48",N/A,https://www.facebook.com/megaeletronicosoficialpy/posts/pfbid032yDSE3b81kDdTonAG4gMVkBmHJfpN9kW6fcCdBCAaYErKvf579tEwuFzenH4BMEdl,0,0,Fotos,,,,,Total,334,218,1,1,0,0,10,9,1,,,,,,,
122174414960772199,61573165978085,"Mega Eletrônicos Paraguai","🔥ACABOU A ESPERA! O CARNAVAL CHEGOU NA MEGA ELETRÔNICOS! 🎉

De 13 a 21 de fevereiro, a gente preparou uma SEMANA INTEIRA de ofertas IMPERDÍVEIS e muita animação pra você! 🗓️✨
Nos sábados, a experiência vai ser COMPLETA:
🥁 Batucada ao vivo
💃 Dançarinas
🍹 Barman preparando drinks
🥤 Degustação

E o melhor: CELULARES, SMARTWATCHES, ELETRÔNICOS e ACESSÓRIOS com preços ESPECIAIS de Carnaval! 📱⌚🔥
Mas fica ligado: é SÓ ATÉ DIA 21! Depois disso, as ofertas acabam! 🚨⏰

Chama a galera, marca na agenda e vem viver o CARNAVAL DA MEGA! Aqui a folia é com PROMOÇÃO DE VERDADE! 🎊🛍️
.
#CarnavalMegaEletronicos #PromocaoDeCarnaval #FoliaComDesconto
#CarnavalDasTecnologias #MegaEletronicosCarnaval2025","🔥ACABOU A ESPERA! O CARNAVAL CHEGOU NA MEGA ELETRÔNICOS! 🎉

De 13 a 21 de fevereiro, a gente preparou uma SEMANA INTEIRA de ofertas IMPERDÍVEIS e muita animação pra você! 🗓️✨
Nos sábados, a experiência vai ser COMPLETA:
🥁 Batucada ao vivo
💃 Dançarinas
🍹 Barman preparando drinks
🥤 Degustação

E o melhor: CELULARES, SMARTWATCHES, ELETRÔNICOS e ACESSÓRIOS com preços ESPECIAIS de Carnaval! 📱⌚🔥
Mas fica ligado: é SÓ ATÉ DIA 21! Depois disso, as ofertas acabam! 🚨⏰

Chama a galera, marca na agenda e vem viver o CARNAVAL DA MEGA! Aqui a folia é com PROMOÇÃO DE VERDADE! 🎊🛍️
.
#CarnavalMegaEletronicos #PromocaoDeCarnaval #FoliaComDesconto
#CarnavalDasTecnologias #MegaEletronicosCarnaval2025",53,"02/13/2026 08:08",N/A,https://www.facebook.com/reel/1226755496262826/,1,0,Reels,,,,,Total,255,206,4,1,0,3,2,,2,,,1586.205,7.145,0,,0
122174411870772199,61573165978085,"Mega Eletrônicos Paraguai","Mega Eletrônicos Paraguai atualizou a foto da capa.",,0,"02/13/2026 07:26",N/A,https://www.facebook.com/photo.php?fbid=122174411870772199&set=a.122097182354772199&type=3,0,0,Fotos,,,,,Total,3,1,2,2,0,0,0,,,,,,,,,
122174404436772199,61573165978085,"Mega Eletrônicos Paraguai","Mega Eletrônicos Paraguai adicionou uma nova foto.",,0,"02/13/2026 06:39",N/A,https://www.facebook.com/photo.php?fbid=122174404436772199&set=a.122096141354772199&type=3,0,0,Fotos,,,,,Total,231,160,3,3,0,0,0,,,,,,,,,
122174267798772199,61573165978085,"Mega Eletrônicos Paraguai","O BLOCO DA ECONOMIA ESTÁ CHEGANDO! 🎊🚀

Amanhã, dia 13 de fevereiro, começa a Mega Folia na Mega Eletrônicos! Preparamos um Carnaval com o que há de mais moderno em tecnologia e ofertas que são verdadeiras marchinhas de alegria para o seu bolso. 💰

Estamos trazendo novidades exclusivas que acabaram de chegar no estoque. É a sua chance de garantir aquele upgrade antes da folia começar!

📍 Visite nossa loja e caia na folia da tecnologia. Mega Eletrônicos, a loja que ama os bons preços!
.
#MegaEletronicos #MegaFolia #Carnaval2026 #Ofertas #tecnologia","O BLOCO DA ECONOMIA ESTÁ CHEGANDO! 🎊🚀

Amanhã, dia 13 de fevereiro, começa a Mega Folia na Mega Eletrônicos! Preparamos um Carnaval com o que há de mais moderno em tecnologia e ofertas que são verdadeiras marchinhas de alegria para o seu bolso. 💰

Estamos trazendo novidades exclusivas que acabaram de chegar no estoque. É a sua chance de garantir aquele upgrade antes da folia começar!

📍 Visite nossa loja e caia na folia da tecnologia. Mega Eletrônicos, a loja que ama os bons preços!
.
#MegaEletronicos #MegaFolia #Carnaval2026 #Ofertas #tecnologia",16,"02/12/2026 11:11",N/A,https://www.facebook.com/reel/1441778847294047/,1,0,Reels,,,,,Total,248,219,0,0,0,0,2,,2,,,870.922,4.069,0,,0
122174149742772199,61573165978085,"Mega Eletrônicos Paraguai","Somos 400 mil. 🚀🇵🇾

400 mil clientes que confiam, acreditam e escolhem a Mega como a melhor opção de compras no Paraguai!

Nada disso seria possível sem vocês.
Obrigado por fazerem parte da nossa história e por confiarem em nosso compromisso de sempre entregar o melhor aos nossos clientes.

A comemoração é nossa, mas a vantagem de ser MEGACLIENTE é sempre de vocês. 🔥

#MegaEletronicos #Paraguai #400K #Tecnologia #PreçoBaixo","Somos 400 mil. 🚀🇵🇾

400 mil clientes que confiam, acreditam e escolhem a Mega como a melhor opção de compras no Paraguai!

Nada disso seria possível sem vocês.
Obrigado por fazerem parte da nossa história e por confiarem em nosso compromisso de sempre entregar o melhor aos nossos clientes.

A comemoração é nossa, mas a vantagem de ser MEGACLIENTE é sempre de vocês. 🔥

#MegaEletronicos #Paraguai #400K #Tecnologia #PreçoBaixo",10,"02/11/2026 12:37",N/A,https://www.facebook.com/reel/1256006679927776/,1,0,Reels,,,,,Total,381,300,4,3,0,1,2,,2,,,1625.308,5.435,0,,0
122173622498772199,61573165978085,"Mega Eletrônicos Paraguai","Algumas imagens não se gravam… se conquistam. 🎥✨

O DJI Mini 4K Fly More Combo entrega engenharia de precisão em um corpo ultracompacto, com gravação em 4K, estabilidade profissional e detalhes que elevam o nível do seu conteúdo.

Com GPS inteligente, retorno automático e controle absoluto, você foca no que realmente importa: criar.
E com o Fly More Combo, você tem mais tempo no ar, mais liberdade e zero interrupções.

Criado para quem não aceita imagens comuns.
Viaje. Filme. Eleve seu padrão.
Garanta o seu agora.

#djimini4k #djidrone #drone4k #flymorecombo #criadoresdeconteudo #fotografiaaerea #videomaker #tecnologia","Algumas imagens não se gravam… se conquistam. 🎥✨

O DJI Mini 4K Fly More Combo entrega engenharia de precisão em um corpo ultracompacto, com gravação em 4K, estabilidade profissional e detalhes que elevam o nível do seu conteúdo.

Com GPS inteligente, retorno automático e controle absoluto, você foca no que realmente importa: criar.
E com o Fly More Combo, você tem mais tempo no ar, mais liberdade e zero interrupções.

Criado para quem não aceita imagens comuns.
Viaje. Filme. Eleve seu padrão.
Garanta o seu agora.

#djimini4k #djidrone #drone4k #flymorecombo #criadoresdeconteudo #fotografiaaerea #videomaker #tecnologia",34,"02/07/2026 05:58",N/A,https://www.facebook.com/reel/1479794606902219/,0,0,Reels,,,,,Total,757,674,11,6,2,3,6,,6,,,5571.585,8.467,0,,0
122173384598772199,61573165978085,"Mega Eletrônicos Paraguai","📱 Celulares por menos de R$500?
Sim! Aqui na Mega Eletrônicos temos muitas opções de celulares econômicos com ótimo custo-benefício 😄
👉 Se você curtiu, já nos segue e vem conferir todos os melhores preços que temos!
📍 Estamos em Ciudad del Este, Paraguai, a 350 m da fronteira com Foz do Iguaçu — te esperamos!

#megaeletronicos #celularesbaratos #preçobaixo #celulares500reais #smartphones #descontos #ofertas #ciudaddeleste #paraguai #eletronicos #tecnologia #promoção #cellphones #brazil","📱 Celulares por menos de R$500?
Sim! Aqui na Mega Eletrônicos temos muitas opções de celulares econômicos com ótimo custo-benefício 😄
👉 Se você curtiu, já nos segue e vem conferir todos os melhores preços que temos!
📍 Estamos em Ciudad del Este, Paraguai, a 350 m da fronteira com Foz do Iguaçu — te esperamos!

#megaeletronicos #celularesbaratos #preçobaixo #celulares500reais #smartphones #descontos #ofertas #ciudaddeleste #paraguai #eletronicos #tecnologia #promoção #cellphones #brazil",82,"02/05/2026 04:30",N/A,https://www.facebook.com/reel/1156517313046204/,0,0,Reels,,,,,Total,659,481,8,6,0,2,9,,9,,,7399.611,13.004,0,,0
122173323488772199,61573165978085,"Mega Eletrônicos Paraguai","🎮 O Tablet que humilha consoles: Black Shark BSG1
O Black Shark Gaming BSG1 não é apenas um tablet, é uma máquina de guerra portátil. Se você busca performance máxima sem gastar uma fortuna, ele foi feito para você.

🚀 Por que ele é imbatível?
Poder de Fogo: Processador Snapdragon 8s Gen 3 + 12GB RAM. Roda qualquer jogo no ultra, sem engasgos.

Visual Insano: Tela de 8.8” 2.5K com 144Hz. Fluidez total para gameplay competitiva e vídeos.

Energia de Sobra: Bateria de 7.300 mAh para maratonas épicas.

Upgrade Fácil: 256GB internos, expansível até 2TB via Micro SD.

💼 O Pacote Completo
Conectividade Wi-Fi 6, Bluetooth 5.4 e já acompanha capinha no kit!

💰 Preço Imbatível: Apenas U$ 309.00. 📍 Onde? Na Mega Eletrônicos, o paraíso de quem ama tecnologia e preço justo.

#BlackShark #TabletGamer #DicaGamer #Snapdragon #MegaEletronicos","🎮 O Tablet que humilha consoles: Black Shark BSG1
O Black Shark Gaming BSG1 não é apenas um tablet, é uma máquina de guerra portátil. Se você busca performance máxima sem gastar uma fortuna, ele foi feito para você.

🚀 Por que ele é imbatível?
Poder de Fogo: Processador Snapdragon 8s Gen 3 + 12GB RAM. Roda qualquer jogo no ultra, sem engasgos.

Visual Insano: Tela de 8.8” 2.5K com 144Hz. Fluidez total para gameplay competitiva e vídeos.

Energia de Sobra: Bateria de 7.300 mAh para maratonas épicas.

Upgrade Fácil: 256GB internos, expansível até 2TB via Micro SD.

💼 O Pacote Completo
Conectividade Wi-Fi 6, Bluetooth 5.4 e já acompanha capinha no kit!

💰 Preço Imbatível: Apenas U$ 309.00. 📍 Onde? Na Mega Eletrônicos, o paraíso de quem ama tecnologia e preço justo.

#BlackShark #TabletGamer #DicaGamer #Snapdragon #MegaEletronicos",58,"02/04/2026 14:00",N/A,https://www.facebook.com/reel/2017472695490673/,1,0,Reels,,,,,Total,815,709,11,7,0,4,2,,2,,,6178.427,8.475,0,,0
122173198832772199,61573165978085,"Mega Eletrônicos Paraguai","Este é o melhor microfone para gravações externas 🎤🔥

O Hollyland LARK M2 Combo é aquele upgrade que muda totalmente a qualidade do seu vídeo.
Funciona no iPhone e Android, com USB-C, ideal para Reels, vlogs, lives e entrevistas.

👉 quem cria conteúdo precisa desse microfone.
📍 Encontre na Mega Eletrônicos

#hollyland #larkm2 #microfone #criadoresdeconteudo #reels #tiktok #vlog #gravacao #audioqualidade #tecnologia #megaeletronicos #paraguay #ciudaddeleste #contentcreator 🎥","Este é o melhor microfone para gravações externas 🎤🔥

O Hollyland LARK M2 Combo é aquele upgrade que muda totalmente a qualidade do seu vídeo.
Funciona no iPhone e Android, com USB-C, ideal para Reels, vlogs, lives e entrevistas.

👉 quem cria conteúdo precisa desse microfone.
📍 Encontre na Mega Eletrônicos

#hollyland #larkm2 #microfone #criadoresdeconteudo #reels #tiktok #vlog #gravacao #audioqualidade #tecnologia #megaeletronicos #paraguay #ciudaddeleste #contentcreator 🎥",40,"02/03/2026 13:00",N/A,https://www.facebook.com/reel/1604999220925836/,1,0,Reels,,,,,Total,405,328,7,4,0,3,1,,1,,,1900.652,5.309,0,,0
122172804788772199,61573165978085,"Mega Eletrônicos Paraguai","O RELÓGIO ESTÁ CORRENDO!

Sabe aquele “depois eu vejo” que você disse a semana toda? Pois é, o DEPOIS ACABOU! ❌

Hoje é o encerramento oficial da nossa promoção Mega Verão e você tem apenas até as 15:00h para garantir os melhores produtos com preços que não vão se repetir.

Não seja a pessoa que vai pagar mais caro amanhã. Vem pra Mega Eletrônicos agora mesmo! 🏃‍♀️💨

#MegaEletronicos #MegaVerão #UltimaChance #Desconto #Paraguai ComprasNoParaguai Promoção","O RELÓGIO ESTÁ CORRENDO!

Sabe aquele “depois eu vejo” que você disse a semana toda? Pois é, o DEPOIS ACABOU! ❌

Hoje é o encerramento oficial da nossa promoção Mega Verão e você tem apenas até as 15:00h para garantir os melhores produtos com preços que não vão se repetir.

Não seja a pessoa que vai pagar mais caro amanhã. Vem pra Mega Eletrônicos agora mesmo! 🏃‍♀️💨

#MegaEletronicos #MegaVerão #UltimaChance #Desconto #Paraguai ComprasNoParaguai Promoção",30,"01/31/2026 06:24",N/A,https://www.facebook.com/reel/1342916084519641/,1,0,Reels,,,,,Total,490,431,6,4,0,2,3,,3,,,1698.034,3.885,0,,0
122172718322772199,61573165978085,"Mega Eletrônicos Paraguai","💻🔥 Notebook potente, completo e com um preço que surpreende

O Audisat X105 prova que você não precisa pagar uma fortuna para ter desempenho de verdade 👀

📍 Encontre este e muitos outros na Mega Eletrônicos
⏳ Corre que acaba!

#audisat #notebook #intelcorei5 #ssdnvme #windows11pro #tecnologia #trabalho #estudo #homeoffice #megaeletronicos #paraguay #ciudaddeleste #reels #tiktok","💻🔥 Notebook potente, completo e com um preço que surpreende

O Audisat X105 prova que você não precisa pagar uma fortuna para ter desempenho de verdade 👀

📍 Encontre este e muitos outros na Mega Eletrônicos
⏳ Corre que acaba!

#audisat #notebook #intelcorei5 #ssdnvme #windows11pro #tecnologia #trabalho #estudo #homeoffice #megaeletronicos #paraguay #ciudaddeleste #reels #tiktok",58,"01/30/2026 10:37",N/A,https://www.facebook.com/reel/2052170255357705/,0,0,Reels,,,,,Total,810,704,12,8,0,4,4,,4,,,7439.959,10.233,0,,0
122172690926772199,61573165978085,"Mega Eletrônicos Paraguai","💻 Pequeno no tamanho. Gigante no desempenho.

O Mini PC Blackview MP60 substitui um computador tradicional sem ocupar espaço e sem pesar no bolso.

⚡ Intel Twin Lake N150 até 3.6GHz
🚀 16GB de RAM
💾 1TB SSD
🔇 Compacto, econômico e silencioso

Tudo isso por U$ 269 (≈ R$ 1.433,77).
Setup inteligente pra trabalho, estudo e multitarefa.

👉 Garanta o seu antes que acabe.","💻 Pequeno no tamanho. Gigante no desempenho.

O Mini PC Blackview MP60 substitui um computador tradicional sem ocupar espaço e sem pesar no bolso.

⚡ Intel Twin Lake N150 até 3.6GHz
🚀 16GB de RAM
💾 1TB SSD
🔇 Compacto, econômico e silencioso

Tudo isso por U$ 269 (≈ R$ 1.433,77).
Setup inteligente pra trabalho, estudo e multitarefa.

👉 Garanta o seu antes que acabe.",53,"01/30/2026 04:30",N/A,https://www.facebook.com/megaeletronicosoficialpy/videos/1590896212104222/,1,0,Vídeos,,,,,Total,427,378,8,8,0,0,2,,2,,,3913.993,10.113,0,0,0
122172587030772199,61573165978085,"Mega Eletrônicos Paraguai","O dia a dia dos vendedores  😩

#vendedor","O dia a dia dos vendedores  😩

#vendedor",17,"01/29/2026 07:13",N/A,https://www.facebook.com/reel/1180421380542590/,0,0,Reels,,,,,Total,673,608,9,7,0,2,11,,11,,,3537.081,6.26,0,,0
122172468662772199,61573165978085,"Mega Eletrônicos Paraguai","🔥 Coisas que você não sabia que precisava… até agora 👀

O verão pede praticidade, diversão e conforto — e a gente separou alguns produtos que fazem TODA a diferença no dia a dia ☀️
🚨🔥 Mega Verão é na Mega Eletrônicos
Produtos incríveis, preços especiais e estoque limitado.
👉 Aproveita agora antes que acabe!
#megaelectronicos #ofertasdeverao #tecnologia #eletronicos #bonsprecos #promocoes","🔥 Coisas que você não sabia que precisava… até agora 👀

O verão pede praticidade, diversão e conforto — e a gente separou alguns produtos que fazem TODA a diferença no dia a dia ☀️
🚨🔥 Mega Verão é na Mega Eletrônicos
Produtos incríveis, preços especiais e estoque limitado.
👉 Aproveita agora antes que acabe!
#megaelectronicos #ofertasdeverao #tecnologia #eletronicos #bonsprecos #promocoes",69,"01/28/2026 08:39",N/A,https://www.facebook.com/reel/1527184785038217/,0,0,Reels,,,,,Total,1282,478,10,4,0,6,2,,2,,,4896.369,4.142,0,,0
122172366164772199,61573165978085,"Mega Eletrônicos Paraguai","O conforto que você merece com a tecnologia que você precisa! ❄️🔥

Conheça o ar-condicionado Audisat Inverter: mais do que um aparelho, o novo melhor amigo da sua casa. Ele ""pensa"" antes de agir para garantir o máximo de economia, enquanto entrega uma potência incrível de 24.000 BTUs.

✅ Destaques:

Tecnologia Inverter: Máxima eficiência com baixo consumo.

H-Sweep & V-Sweep: Ar geladinho (ou quente!) em cada canto da sala.

Silencioso: Apenas 49dB para uma noite de sono perfeita com a função Sleep.

Resistente: Certificação IPX4 contra umidade.

Seja no calor extremo ou no frio intenso, o controle do clima está em suas mãos com AUDISAT. 🏠✨

#Audisat #ArCondicionado #TecnologiaInverter #Climatização #CasaInteligente","O conforto que você merece com a tecnologia que você precisa! ❄️🔥

Conheça o ar-condicionado Audisat Inverter: mais do que um aparelho, o novo melhor amigo da sua casa. Ele ""pensa"" antes de agir para garantir o máximo de economia, enquanto entrega uma potência incrível de 24.000 BTUs.

✅ Destaques:

Tecnologia Inverter: Máxima eficiência com baixo consumo.

H-Sweep & V-Sweep: Ar geladinho (ou quente!) em cada canto da sala.

Silencioso: Apenas 49dB para uma noite de sono perfeita com a função Sleep.

Resistente: Certificação IPX4 contra umidade.

Seja no calor extremo ou no frio intenso, o controle do clima está em suas mãos com AUDISAT. 🏠✨

#Audisat #ArCondicionado #TecnologiaInverter #Climatização #CasaInteligente",49,"01/27/2026 08:39",N/A,https://www.facebook.com/reel/1947621469158003/,0,0,Reels,,,,,Total,422,375,9,6,0,3,0,,,,,2934.069,7.973,0,,0
122172287534772199,61573165978085,"Mega Eletrônicos Paraguai","✨ Os melhores descontos de cosméticos do ano já chegaram! ✨","Aproveite até 75% de desconto em skincare. Venha correndo até a nossa loja e garanta os seus produtos! 🛍️✨

#MegaBeauty #Skincare #Desconto #CuidadosComAPele #Beleza #Ofertas",73,"01/26/2026 14:09",N/A,https://www.facebook.com/reel/867523166085707/,0,0,Reels,,,,,Total,1971,1820,4,2,0,2,6,,6,,,2571.057,1.425,0,,0
122172104642772199,61573165978085,"Mega Eletrônicos Paraguai","Os preços que você sempre quis nos produtos que você ama! 🛍️✨

Na Mega Beauty, a gente traz o melhor da cosmética mundial com valores imbatíveis. De máscaras faciais por menos de 1 dólar até a linha completa da COSRX e Sol de Janeiro.

✅ Produtos Originais
✅ Variedade Incrível
✅ O melhor preço do Paraguai 

Já marca aqui aquela amiga que vai fazer o estoque de skincare com você! 👇
.
#Paraguai #Compras #Skincare #Beleza #Importados Promoção","Os preços que você sempre quis nos produtos que você ama! 🛍️✨

Na Mega Beauty, a gente traz o melhor da cosmética mundial com valores imbatíveis. De máscaras faciais por menos de 1 dólar até a linha completa da COSRX e Sol de Janeiro.

✅ Produtos Originais
✅ Variedade Incrível
✅ O melhor preço do Paraguai 

Já marca aqui aquela amiga que vai fazer o estoque de skincare com você! 👇
.
#Paraguai #Compras #Skincare #Beleza #Importados Promoção",45,"01/25/2026 04:52",N/A,https://www.facebook.com/reel/1723903751902783/,1,0,Reels,,,,,Total,79498,44328,7,6,0,1,25,,25,,,62961.874,0.96,0,,0
122171921498772199,61573165978085,"Mega Eletrônicos Paraguai","Retornou a MEGA BEAUTY! 💄✨

O paraíso dos cosméticos no Paraguai está com descontos de até 75% OFF! 😱 É a sua chance de garantir produtos 100% originais e de alta durabilidade com preços imbatíveis.

🌟 AS QUERIDINHAS ESTÃO AQUI: Tudo o que é tendência mundial: Victoria’s Secret, Anua, Medicube, Elizzaveca e muito mais! Do skincare coreano aos perfumes mais desejados. 🌸🇰🇷

Vem aproveitar essa vitrine incrível e renovar seu estoque de beleza. 💆‍♀️

📍 Visite a Mega Eletrônicos no Paraguai e garanta os seus antes que o estoque acabe! 🏃‍♀️💨

#megabeauty #comprasnoparaguai #cidadedoleste #skincare #paraguai","Retornou a MEGA BEAUTY! 💄✨

O paraíso dos cosméticos no Paraguai está com descontos de até 75% OFF! 😱 É a sua chance de garantir produtos 100% originais e de alta durabilidade com preços imbatíveis.

🌟 AS QUERIDINHAS ESTÃO AQUI: Tudo o que é tendência mundial: Victoria’s Secret, Anua, Medicube, Elizzaveca e muito mais! Do skincare coreano aos perfumes mais desejados. 🌸🇰🇷

Vem aproveitar essa vitrine incrível e renovar seu estoque de beleza. 💆‍♀️

📍 Visite a Mega Eletrônicos no Paraguai e garanta os seus antes que o estoque acabe! 🏃‍♀️💨

#megabeauty #comprasnoparaguai #cidadedoleste #skincare #paraguai",49,"01/23/2026 13:02",uploaded,https://www.facebook.com/reel/2517966471930354/,1,0,Reels,,,,,Total,515,465,7,5,0,2,0,,,,,2223.211,4.864,0,,0
122171815340772199,61573165978085,"Mega Eletrônicos Paraguai","Atouch Pro Kids, o melhor tablet infantil ✨

🔹 Memória interna: 256 GB
🔹 Memória RAM: 8 GB
🔹 Sistema operacional: Android 15
🔹 Tela: LCD de 7,85”
🔹 Bateria: 7.000 mAh para longas horas de uso

Ideal para aprender, jogar e assistir vídeos, com desempenho fluido e muito espaço para aplicativos, jogos e conteúdos educativos.
Além disso, foi pensado especialmente para crianças: é prático, resistente e perfeito para o uso diário.

💙📱 O que você está esperando para pedir aos seus pais a Atouch Pro Kids?","Atouch Pro Kids, o melhor tablet infantil ✨

🔹 Memória interna: 256 GB
🔹 Memória RAM: 8 GB
🔹 Sistema operacional: Android 15
🔹 Tela: LCD de 7,85”
🔹 Bateria: 7.000 mAh para longas horas de uso

Ideal para aprender, jogar e assistir vídeos, com desempenho fluido e muito espaço para aplicativos, jogos e conteúdos educativos.
Além disso, foi pensado especialmente para crianças: é prático, resistente e perfeito para o uso diário.

💙📱 O que você está esperando para pedir aos seus pais a Atouch Pro Kids?",45,"01/22/2026 13:00",N/A,https://www.facebook.com/reel/2247666172386098/,1,0,Reels,,,,,Total,554,478,8,8,0,0,2,,2,,,2978.517,6.283,0,,0
122171800172772199,61573165978085,"Mega Eletrônicos Paraguai","Um pouquinho de humor antes de fazer umas comprinhas 🛒
Fica de olho e corre pra nossa loja para aproveitar as promoções 🤣❤",,0,"01/22/2026 10:14",N/A,https://www.facebook.com/megaeletronicosoficialpy/posts/pfbid02KrB99yw3M7GF11GNzkfvvMBkoTgiRyXDFjsNs61aATRcTQ9thRMfb6TEC4XKsgZul,0,0,Fotos,,,,,Total,625,422,2,2,0,0,2,2,,,,,,,,
122171333876772199,61573165978085,"Mega Eletrônicos Paraguai","Rumores do iPhone 18 🍎👀
Esse aqui vai superar tudo… ou não? 😳
⚠️ Lembrando: por enquanto são apenas rumores, mas a expectativa já tá lá em cima.
👉 Qual cor você escolheria?

#iphone18 #apple #rumores #tecnologia #cores #iphone #applelovers #paraguay #ciudaddeleste #reels #tiktok #viral #technews #novidades","Rumores do iPhone 18 🍎👀
Esse aqui vai superar tudo… ou não? 😳
⚠️ Lembrando: por enquanto são apenas rumores, mas a expectativa já tá lá em cima.
👉 Qual cor você escolheria?

#iphone18 #apple #rumores #tecnologia #cores #iphone #applelovers #paraguay #ciudaddeleste #reels #tiktok #viral #technews #novidades",43,"01/18/2026 05:00",N/A,https://www.facebook.com/reel/848448234856985/,1,0,Reels,,,,,Total,861,772,16,12,0,4,4,,4,,,7295.686,9.688,0,,0
122171256896772199,61573165978085,"Mega Eletrônicos Paraguai","Eu com meu iPhone 17 💅
.
#meme #comprasparaguai #iphone17promax","Eu com meu iPhone 17 💅
.
#meme #comprasparaguai #iphone17promax",12,"01/17/2026 11:55",N/A,https://www.facebook.com/reel/1279622750641638/,1,0,Reels,,,,,Total,3812,2859,37,33,0,4,7,,7,,,19351.124,6.845,0,,0
122171118446772199,61573165978085,"Mega Eletrônicos Paraguai","Com esse ventilador, passar calor não é uma opção.
Quem já cansou do calor, sabe 😎

📍 Mega Eletrônicos PY — a loja que ama bons preços 💚

#audisat #ventilador ##hogar #paraguay #ciudaddeleste  #viral 💨","Com esse ventilador, passar calor não é uma opção.
Quem já cansou do calor, sabe 😎

📍 Mega Eletrônicos PY — a loja que ama bons preços 💚

#audisat #ventilador ##hogar #paraguay #ciudaddeleste  #viral 💨",38,"01/16/2026 11:00",N/A,https://www.facebook.com/reel/746923518458294/,1,0,Reels,,,,,Total,2139,1988,10,8,0,2,9,,6,1,2,8199.007,4.279,0,,0
122170854524772199,61573165978085,"Mega Eletrônicos Paraguai","Aquele sinal divino que todo mundo precisava 😇✨
Fazer umas comprinhas na Mega Eletrônicos não faz mal pra ninguém 😉
📍 Mega Eletrônicos PY — a loja que ama bons preços 💚

#sinaldivino #comprinhas #promocoes #paraguay #viral ✨🛒","Aquele sinal divino que todo mundo precisava 😇✨
Fazer umas comprinhas na Mega Eletrônicos não faz mal pra ninguém 😉
📍 Mega Eletrônicos PY — a loja que ama bons preços 💚

#sinaldivino #comprinhas #promocoes #paraguay #viral ✨🛒",7,"01/14/2026 09:46",N/A,https://www.facebook.com/reel/1195724309295872/,0,0,Reels,,,,,Total,924,619,9,9,0,0,1,,1,,,2921.198,4.578,0,,0
122170745198772199,61573165978085,"Mega Eletrônicos Paraguai","Speakers Audisat simplesmente absurdos 🔊🔥
Volume alto, grave forte e preço que não dá pra ignorar ☀️
Corre garantir o teu antes que acabe e faz do teu verão uma loucura! 😎🔥

📍 Mega Eletrônicos PY — a loja que ama bons preços 💚

#audisat #caixadesom #speaker #musica #festa #verao #paraguay #ciudaddeleste","Speakers Audisat simplesmente absurdos 🔊🔥
Volume alto, grave forte e preço que não dá pra ignorar ☀️
Corre garantir o teu antes que acabe e faz do teu verão uma loucura! 😎🔥

📍 Mega Eletrônicos PY — a loja que ama bons preços 💚

#audisat #caixadesom #speaker #musica #festa #verao #paraguay #ciudaddeleste",58,"01/13/2026 11:04",N/A,https://www.facebook.com/reel/1196541778751317/,1,0,Reels,,,,,Total,598,494,11,7,0,4,5,,5,,,4512.036,8.386,0,,0
