Data,Origem do tráfego,Visualizações
2026-01-09,Origem direta ou desconhecida,0
2026-01-10,Origem direta ou desconhecida,0
2026-01-11,Origem direta ou desconhecida,0
2026-01-12,Origem direta ou desconhecida,2
2026-01-13,Origem direta ou desconhecida,0
2026-01-14,Origem direta ou desconhecida,0
2026-01-15,Origem direta ou desconhecida,0
2026-01-16,Origem direta ou desconhecida,0
2026-01-17,Origem direta ou desconhecida,0
2026-01-18,Origem direta ou desconhecida,0
2026-01-19,Origem direta ou desconhecida,0
2026-01-20,Origem direta ou desconhecida,1
2026-01-21,Origem direta ou desconhecida,0
2026-01-22,Origem direta ou desconhecida,0
2026-01-23,Origem direta ou desconhecida,0
2026-01-24,Origem direta ou desconhecida,0
2026-01-25,Origem direta ou desconhecida,0
2026-01-26,Origem direta ou desconhecida,0
2026-01-27,Origem direta ou desconhecida,0
2026-01-28,Origem direta ou desconhecida,0
2026-01-29,Origem direta ou desconhecida,0
2026-01-30,Origem direta ou desconhecida,0
2026-01-31,Origem direta ou desconhecida,0
2026-02-01,Origem direta ou desconhecida,0
2026-02-02,Origem direta ou desconhecida,0
2026-02-03,Origem direta ou desconhecida,0
2026-02-04,Origem direta ou desconhecida,0
2026-02-05,Origem direta ou desconhecida,0
2026-02-06,Origem direta ou desconhecida,0
2026-02-07,Origem direta ou desconhecida,0
2026-02-08,Origem direta ou desconhecida,0
2026-02-09,Origem direta ou desconhecida,0
2026-02-10,Origem direta ou desconhecida,0
2026-02-11,Origem direta ou desconhecida,0
2026-02-12,Origem direta ou desconhecida,0
2026-02-13,Origem direta ou desconhecida,0
2026-02-14,Origem direta ou desconhecida,0
2026-02-15,Origem direta ou desconhecida,0
2026-02-16,Origem direta ou desconhecida,0
2026-02-17,Origem direta ou desconhecida,0
2026-02-18,Origem direta ou desconhecida,0
2026-02-19,Origem direta ou desconhecida,0
2026-02-20,Origem direta ou desconhecida,0
2026-02-21,Origem direta ou desconhecida,0
2026-02-22,Origem direta ou desconhecida,0
2026-02-23,Origem direta ou desconhecida,0
2026-02-24,Origem direta ou desconhecida,0
2026-02-25,Origem direta ou desconhecida,0
2026-02-26,Origem direta ou desconhecida,1
2026-02-27,Origem direta ou desconhecida,0
2026-02-28,Origem direta ou desconhecida,0
2026-03-01,Origem direta ou desconhecida,0
2026-03-02,Origem direta ou desconhecida,0
2026-03-03,Origem direta ou desconhecida,0
2026-03-04,Origem direta ou desconhecida,0
2026-03-05,Origem direta ou desconhecida,0
2026-03-06,Origem direta ou desconhecida,0
2026-03-07,Origem direta ou desconhecida,0
2026-03-08,Origem direta ou desconhecida,0
2026-03-09,Origem direta ou desconhecida,0
2026-03-10,Origem direta ou desconhecida,0
2026-03-11,Origem direta ou desconhecida,1
2026-03-12,Origem direta ou desconhecida,0
2026-03-13,Origem direta ou desconhecida,0
2026-03-14,Origem direta ou desconhecida,0
2026-03-15,Origem direta ou desconhecida,0
2026-03-16,Origem direta ou desconhecida,0
2026-03-17,Origem direta ou desconhecida,2
2026-03-18,Origem direta ou desconhecida,0
2026-03-19,Origem direta ou desconhecida,0
2026-03-20,Origem direta ou desconhecida,0
2026-03-21,Origem direta ou desconhecida,0
2026-03-22,Origem direta ou desconhecida,0
2026-03-23,Origem direta ou desconhecida,2
2026-03-24,Origem direta ou desconhecida,1
2026-03-25,Origem direta ou desconhecida,0
2026-03-26,Origem direta ou desconhecida,0
2026-03-27,Origem direta ou desconhecida,1
2026-03-28,Origem direta ou desconhecida,0
2026-03-29,Origem direta ou desconhecida,0
2026-03-30,Origem direta ou desconhecida,0
2026-03-31,Origem direta ou desconhecida,0
2026-04-01,Origem direta ou desconhecida,0
2026-04-02,Origem direta ou desconhecida,0
2026-04-03,Origem direta ou desconhecida,0
2026-04-04,Origem direta ou desconhecida,0
2026-04-05,Origem direta ou desconhecida,1
2026-04-06,Origem direta ou desconhecida,0
2026-04-07,Origem direta ou desconhecida,0
2026-04-08,Origem direta ou desconhecida,0
2026-01-09,Recursos de navegação,97
2026-01-10,Recursos de navegação,87
2026-01-11,Recursos de navegação,15
2026-01-12,Recursos de navegação,8
2026-01-13,Recursos de navegação,1
2026-01-14,Recursos de navegação,3
2026-01-15,Recursos de navegação,0
2026-01-16,Recursos de navegação,2
2026-01-17,Recursos de navegação,2
2026-01-18,Recursos de navegação,9
2026-01-19,Recursos de navegação,8
2026-01-20,Recursos de navegação,7
2026-01-21,Recursos de navegação,3
2026-01-22,Recursos de navegação,7
2026-01-23,Recursos de navegação,16
2026-01-24,Recursos de navegação,2
2026-01-25,Recursos de navegação,12
2026-01-26,Recursos de navegação,7
2026-01-27,Recursos de navegação,40
2026-01-28,Recursos de navegação,11
2026-01-29,Recursos de navegação,8
2026-01-30,Recursos de navegação,10
2026-01-31,Recursos de navegação,9
2026-02-01,Recursos de navegação,4
2026-02-02,Recursos de navegação,3
2026-02-03,Recursos de navegação,2
2026-02-04,Recursos de navegação,7
2026-02-05,Recursos de navegação,7
2026-02-06,Recursos de navegação,5
2026-02-07,Recursos de navegação,6
2026-02-08,Recursos de navegação,10
2026-02-09,Recursos de navegação,8
2026-02-10,Recursos de navegação,7
2026-02-11,Recursos de navegação,5
2026-02-12,Recursos de navegação,9
2026-02-13,Recursos de navegação,5
2026-02-14,Recursos de navegação,4
2026-02-15,Recursos de navegação,2
2026-02-16,Recursos de navegação,3
2026-02-17,Recursos de navegação,9
2026-02-18,Recursos de navegação,8
2026-02-19,Recursos de navegação,6
2026-02-20,Recursos de navegação,6
2026-02-21,Recursos de navegação,6
2026-02-22,Recursos de navegação,10
2026-02-23,Recursos de navegação,5
2026-02-24,Recursos de navegação,2
2026-02-25,Recursos de navegação,3
2026-02-26,Recursos de navegação,3
2026-02-27,Recursos de navegação,10
2026-02-28,Recursos de navegação,7
2026-03-01,Recursos de navegação,7
2026-03-02,Recursos de navegação,11
2026-03-03,Recursos de navegação,24
2026-03-04,Recursos de navegação,27
2026-03-05,Recursos de navegação,15
2026-03-06,Recursos de navegação,12
2026-03-07,Recursos de navegação,14
2026-03-08,Recursos de navegação,13
2026-03-09,Recursos de navegação,3
2026-03-10,Recursos de navegação,12
2026-03-11,Recursos de navegação,9
2026-03-12,Recursos de navegação,6
2026-03-13,Recursos de navegação,18
2026-03-14,Recursos de navegação,11
2026-03-15,Recursos de navegação,11
2026-03-16,Recursos de navegação,8
2026-03-17,Recursos de navegação,4
2026-03-18,Recursos de navegação,8
2026-03-19,Recursos de navegação,3
2026-03-20,Recursos de navegação,18
2026-03-21,Recursos de navegação,7
2026-03-22,Recursos de navegação,20
2026-03-23,Recursos de navegação,27
2026-03-24,Recursos de navegação,14
2026-03-25,Recursos de navegação,13
2026-03-26,Recursos de navegação,7
2026-03-27,Recursos de navegação,11
2026-03-28,Recursos de navegação,9
2026-03-29,Recursos de navegação,7
2026-03-30,Recursos de navegação,15
2026-03-31,Recursos de navegação,27
2026-04-01,Recursos de navegação,14
2026-04-02,Recursos de navegação,17
2026-04-03,Recursos de navegação,14
2026-04-04,Recursos de navegação,15
2026-04-05,Recursos de navegação,30
2026-04-06,Recursos de navegação,20
2026-04-07,Recursos de navegação,9
2026-04-08,Recursos de navegação,19
2026-01-09,Páginas do canal,5
2026-01-10,Páginas do canal,53
2026-01-11,Páginas do canal,6
2026-01-12,Páginas do canal,20
2026-01-13,Páginas do canal,24
2026-01-14,Páginas do canal,14
2026-01-15,Páginas do canal,14
2026-01-16,Páginas do canal,29
2026-01-17,Páginas do canal,10
2026-01-18,Páginas do canal,12
2026-01-19,Páginas do canal,18
2026-01-20,Páginas do canal,42
2026-01-21,Páginas do canal,89
2026-01-22,Páginas do canal,11
2026-01-23,Páginas do canal,52
2026-01-24,Páginas do canal,4
2026-01-25,Páginas do canal,34
2026-01-26,Páginas do canal,26
2026-01-27,Páginas do canal,13
2026-01-28,Páginas do canal,9
2026-01-29,Páginas do canal,3
2026-01-30,Páginas do canal,52
2026-01-31,Páginas do canal,25
2026-02-01,Páginas do canal,8
2026-02-02,Páginas do canal,47
2026-02-03,Páginas do canal,8
2026-02-04,Páginas do canal,49
2026-02-05,Páginas do canal,37
2026-02-06,Páginas do canal,33
2026-02-07,Páginas do canal,58
2026-02-08,Páginas do canal,2
2026-02-09,Páginas do canal,1
2026-02-10,Páginas do canal,62
2026-02-11,Páginas do canal,3
2026-02-12,Páginas do canal,68
2026-02-13,Páginas do canal,23
2026-02-14,Páginas do canal,79
2026-02-15,Páginas do canal,3
2026-02-16,Páginas do canal,23
2026-02-17,Páginas do canal,78
2026-02-18,Páginas do canal,19
2026-02-19,Páginas do canal,4
2026-02-20,Páginas do canal,45
2026-02-21,Páginas do canal,27
2026-02-22,Páginas do canal,20
2026-02-23,Páginas do canal,38
2026-02-24,Páginas do canal,6
2026-02-25,Páginas do canal,25
2026-02-26,Páginas do canal,28
2026-02-27,Páginas do canal,1
2026-02-28,Páginas do canal,49
2026-03-01,Páginas do canal,11
2026-03-02,Páginas do canal,27
2026-03-03,Páginas do canal,41
2026-03-04,Páginas do canal,37
2026-03-05,Páginas do canal,3
2026-03-06,Páginas do canal,20
2026-03-07,Páginas do canal,36
2026-03-08,Páginas do canal,1
2026-03-09,Páginas do canal,2
2026-03-10,Páginas do canal,36
2026-03-11,Páginas do canal,30
2026-03-12,Páginas do canal,53
2026-03-13,Páginas do canal,30
2026-03-14,Páginas do canal,39
2026-03-15,Páginas do canal,20
2026-03-16,Páginas do canal,7
2026-03-17,Páginas do canal,78
2026-03-18,Páginas do canal,13
2026-03-19,Páginas do canal,61
2026-03-20,Páginas do canal,12
2026-03-21,Páginas do canal,50
2026-03-22,Páginas do canal,13
2026-03-23,Páginas do canal,35
2026-03-24,Páginas do canal,266
2026-03-25,Páginas do canal,94
2026-03-26,Páginas do canal,6
2026-03-27,Páginas do canal,7
2026-03-28,Páginas do canal,35
2026-03-29,Páginas do canal,5
2026-03-30,Páginas do canal,9
2026-03-31,Páginas do canal,0
2026-04-01,Páginas do canal,14
2026-04-02,Páginas do canal,2
2026-04-03,Páginas do canal,32
2026-04-04,Páginas do canal,167
2026-04-05,Páginas do canal,83
2026-04-06,Páginas do canal,9
2026-04-07,Páginas do canal,2
2026-04-08,Páginas do canal,7
2026-01-09,Pesquisa do YouTube,177
2026-01-10,Pesquisa do YouTube,191
2026-01-11,Pesquisa do YouTube,160
2026-01-12,Pesquisa do YouTube,170
2026-01-13,Pesquisa do YouTube,147
2026-01-14,Pesquisa do YouTube,240
2026-01-15,Pesquisa do YouTube,174
2026-01-16,Pesquisa do YouTube,179
2026-01-17,Pesquisa do YouTube,189
2026-01-18,Pesquisa do YouTube,307
2026-01-19,Pesquisa do YouTube,244
2026-01-20,Pesquisa do YouTube,180
2026-01-21,Pesquisa do YouTube,403
2026-01-22,Pesquisa do YouTube,195
2026-01-23,Pesquisa do YouTube,273
2026-01-24,Pesquisa do YouTube,187
2026-01-25,Pesquisa do YouTube,166
2026-01-26,Pesquisa do YouTube,162
2026-01-27,Pesquisa do YouTube,130
2026-01-28,Pesquisa do YouTube,145
2026-01-29,Pesquisa do YouTube,180
2026-01-30,Pesquisa do YouTube,190
2026-01-31,Pesquisa do YouTube,179
2026-02-01,Pesquisa do YouTube,158
2026-02-02,Pesquisa do YouTube,117
2026-02-03,Pesquisa do YouTube,176
2026-02-04,Pesquisa do YouTube,149
2026-02-05,Pesquisa do YouTube,183
2026-02-06,Pesquisa do YouTube,173
2026-02-07,Pesquisa do YouTube,167
2026-02-08,Pesquisa do YouTube,182
2026-02-09,Pesquisa do YouTube,168
2026-02-10,Pesquisa do YouTube,137
2026-02-11,Pesquisa do YouTube,130
2026-02-12,Pesquisa do YouTube,179
2026-02-13,Pesquisa do YouTube,171
2026-02-14,Pesquisa do YouTube,208
2026-02-15,Pesquisa do YouTube,125
2026-02-16,Pesquisa do YouTube,228
2026-02-17,Pesquisa do YouTube,207
2026-02-18,Pesquisa do YouTube,179
2026-02-19,Pesquisa do YouTube,222
2026-02-20,Pesquisa do YouTube,225
2026-02-21,Pesquisa do YouTube,229
2026-02-22,Pesquisa do YouTube,224
2026-02-23,Pesquisa do YouTube,211
2026-02-24,Pesquisa do YouTube,235
2026-02-25,Pesquisa do YouTube,142
2026-02-26,Pesquisa do YouTube,189
2026-02-27,Pesquisa do YouTube,189
2026-02-28,Pesquisa do YouTube,228
2026-03-01,Pesquisa do YouTube,183
2026-03-02,Pesquisa do YouTube,166
2026-03-03,Pesquisa do YouTube,188
2026-03-04,Pesquisa do YouTube,216
2026-03-05,Pesquisa do YouTube,193
2026-03-06,Pesquisa do YouTube,202
2026-03-07,Pesquisa do YouTube,221
2026-03-08,Pesquisa do YouTube,189
2026-03-09,Pesquisa do YouTube,219
2026-03-10,Pesquisa do YouTube,252
2026-03-11,Pesquisa do YouTube,217
2026-03-12,Pesquisa do YouTube,222
2026-03-13,Pesquisa do YouTube,183
2026-03-14,Pesquisa do YouTube,253
2026-03-15,Pesquisa do YouTube,212
2026-03-16,Pesquisa do YouTube,247
2026-03-17,Pesquisa do YouTube,212
2026-03-18,Pesquisa do YouTube,385
2026-03-19,Pesquisa do YouTube,295
2026-03-20,Pesquisa do YouTube,311
2026-03-21,Pesquisa do YouTube,299
2026-03-22,Pesquisa do YouTube,238
2026-03-23,Pesquisa do YouTube,253
2026-03-24,Pesquisa do YouTube,214
2026-03-25,Pesquisa do YouTube,247
2026-03-26,Pesquisa do YouTube,290
2026-03-27,Pesquisa do YouTube,253
2026-03-28,Pesquisa do YouTube,229
2026-03-29,Pesquisa do YouTube,207
2026-03-30,Pesquisa do YouTube,197
2026-03-31,Pesquisa do YouTube,194
2026-04-01,Pesquisa do YouTube,255
2026-04-02,Pesquisa do YouTube,219
2026-04-03,Pesquisa do YouTube,245
2026-04-04,Pesquisa do YouTube,166
2026-04-05,Pesquisa do YouTube,206
2026-04-06,Pesquisa do YouTube,160
2026-04-07,Pesquisa do YouTube,169
2026-04-08,Pesquisa do YouTube,192
2026-01-09,Vídeos sugeridos,0
2026-01-10,Vídeos sugeridos,0
2026-01-11,Vídeos sugeridos,0
2026-01-12,Vídeos sugeridos,0
2026-01-13,Vídeos sugeridos,0
2026-01-14,Vídeos sugeridos,1
2026-01-15,Vídeos sugeridos,0
2026-01-16,Vídeos sugeridos,2
2026-01-17,Vídeos sugeridos,0
2026-01-18,Vídeos sugeridos,2
2026-01-19,Vídeos sugeridos,0
2026-01-20,Vídeos sugeridos,1
2026-01-21,Vídeos sugeridos,0
2026-01-22,Vídeos sugeridos,1
2026-01-23,Vídeos sugeridos,0
2026-01-24,Vídeos sugeridos,0
2026-01-25,Vídeos sugeridos,0
2026-01-26,Vídeos sugeridos,0
2026-01-27,Vídeos sugeridos,1
2026-01-28,Vídeos sugeridos,0
2026-01-29,Vídeos sugeridos,1
2026-01-30,Vídeos sugeridos,0
2026-01-31,Vídeos sugeridos,0
2026-02-01,Vídeos sugeridos,1
2026-02-02,Vídeos sugeridos,0
2026-02-03,Vídeos sugeridos,0
2026-02-04,Vídeos sugeridos,0
2026-02-05,Vídeos sugeridos,0
2026-02-06,Vídeos sugeridos,1
2026-02-07,Vídeos sugeridos,0
2026-02-08,Vídeos sugeridos,0
2026-02-09,Vídeos sugeridos,0
2026-02-10,Vídeos sugeridos,1
2026-02-11,Vídeos sugeridos,0
2026-02-12,Vídeos sugeridos,0
2026-02-13,Vídeos sugeridos,0
2026-02-14,Vídeos sugeridos,0
2026-02-15,Vídeos sugeridos,0
2026-02-16,Vídeos sugeridos,0
2026-02-17,Vídeos sugeridos,0
2026-02-18,Vídeos sugeridos,0
2026-02-19,Vídeos sugeridos,0
2026-02-20,Vídeos sugeridos,0
2026-02-21,Vídeos sugeridos,0
2026-02-22,Vídeos sugeridos,0
2026-02-23,Vídeos sugeridos,0
2026-02-24,Vídeos sugeridos,0
2026-02-25,Vídeos sugeridos,4
2026-02-26,Vídeos sugeridos,0
2026-02-27,Vídeos sugeridos,1
2026-02-28,Vídeos sugeridos,0
2026-03-01,Vídeos sugeridos,1
2026-03-02,Vídeos sugeridos,0
2026-03-03,Vídeos sugeridos,2
2026-03-04,Vídeos sugeridos,0
2026-03-05,Vídeos sugeridos,0
2026-03-06,Vídeos sugeridos,0
2026-03-07,Vídeos sugeridos,0
2026-03-08,Vídeos sugeridos,0
2026-03-09,Vídeos sugeridos,0
2026-03-10,Vídeos sugeridos,1
2026-03-11,Vídeos sugeridos,0
2026-03-12,Vídeos sugeridos,0
2026-03-13,Vídeos sugeridos,0
2026-03-14,Vídeos sugeridos,0
2026-03-15,Vídeos sugeridos,0
2026-03-16,Vídeos sugeridos,0
2026-03-17,Vídeos sugeridos,0
2026-03-18,Vídeos sugeridos,0
2026-03-19,Vídeos sugeridos,0
2026-03-20,Vídeos sugeridos,0
2026-03-21,Vídeos sugeridos,0
2026-03-22,Vídeos sugeridos,0
2026-03-23,Vídeos sugeridos,0
2026-03-24,Vídeos sugeridos,0
2026-03-25,Vídeos sugeridos,0
2026-03-26,Vídeos sugeridos,0
2026-03-27,Vídeos sugeridos,0
2026-03-28,Vídeos sugeridos,0
2026-03-29,Vídeos sugeridos,0
2026-03-30,Vídeos sugeridos,1
2026-03-31,Vídeos sugeridos,0
2026-04-01,Vídeos sugeridos,1
2026-04-02,Vídeos sugeridos,0
2026-04-03,Vídeos sugeridos,0
2026-04-04,Vídeos sugeridos,0
2026-04-05,Vídeos sugeridos,0
2026-04-06,Vídeos sugeridos,0
2026-04-07,Vídeos sugeridos,0
2026-04-08,Vídeos sugeridos,0
2026-01-09,Outros recursos do YouTube,1
2026-01-10,Outros recursos do YouTube,6
2026-01-11,Outros recursos do YouTube,2
2026-01-12,Outros recursos do YouTube,0
2026-01-13,Outros recursos do YouTube,4
2026-01-14,Outros recursos do YouTube,8
2026-01-15,Outros recursos do YouTube,2
2026-01-16,Outros recursos do YouTube,1
2026-01-17,Outros recursos do YouTube,1
2026-01-18,Outros recursos do YouTube,3
2026-01-19,Outros recursos do YouTube,4
2026-01-20,Outros recursos do YouTube,2
2026-01-21,Outros recursos do YouTube,9
2026-01-22,Outros recursos do YouTube,2
2026-01-23,Outros recursos do YouTube,4
2026-01-24,Outros recursos do YouTube,1
2026-01-25,Outros recursos do YouTube,3
2026-01-26,Outros recursos do YouTube,1
2026-01-27,Outros recursos do YouTube,3
2026-01-28,Outros recursos do YouTube,2
2026-01-29,Outros recursos do YouTube,5
2026-01-30,Outros recursos do YouTube,6
2026-01-31,Outros recursos do YouTube,8
2026-02-01,Outros recursos do YouTube,5
2026-02-02,Outros recursos do YouTube,7
2026-02-03,Outros recursos do YouTube,1
2026-02-04,Outros recursos do YouTube,5
2026-02-05,Outros recursos do YouTube,4
2026-02-06,Outros recursos do YouTube,0
2026-02-07,Outros recursos do YouTube,0
2026-02-08,Outros recursos do YouTube,0
2026-02-09,Outros recursos do YouTube,3
2026-02-10,Outros recursos do YouTube,0
2026-02-11,Outros recursos do YouTube,0
2026-02-12,Outros recursos do YouTube,2
2026-02-13,Outros recursos do YouTube,1
2026-02-14,Outros recursos do YouTube,5
2026-02-15,Outros recursos do YouTube,0
2026-02-16,Outros recursos do YouTube,1
2026-02-17,Outros recursos do YouTube,2
2026-02-18,Outros recursos do YouTube,2
2026-02-19,Outros recursos do YouTube,2
2026-02-20,Outros recursos do YouTube,10
2026-02-21,Outros recursos do YouTube,0
2026-02-22,Outros recursos do YouTube,5
2026-02-23,Outros recursos do YouTube,5
2026-02-24,Outros recursos do YouTube,6
2026-02-25,Outros recursos do YouTube,1
2026-02-26,Outros recursos do YouTube,2
2026-02-27,Outros recursos do YouTube,2
2026-02-28,Outros recursos do YouTube,1
2026-03-01,Outros recursos do YouTube,0
2026-03-02,Outros recursos do YouTube,0
2026-03-03,Outros recursos do YouTube,3
2026-03-04,Outros recursos do YouTube,10
2026-03-05,Outros recursos do YouTube,0
2026-03-06,Outros recursos do YouTube,3
2026-03-07,Outros recursos do YouTube,0
2026-03-08,Outros recursos do YouTube,2
2026-03-09,Outros recursos do YouTube,0
2026-03-10,Outros recursos do YouTube,3
2026-03-11,Outros recursos do YouTube,6
2026-03-12,Outros recursos do YouTube,8
2026-03-13,Outros recursos do YouTube,5
2026-03-14,Outros recursos do YouTube,0
2026-03-15,Outros recursos do YouTube,0
2026-03-16,Outros recursos do YouTube,2
2026-03-17,Outros recursos do YouTube,3
2026-03-18,Outros recursos do YouTube,4
2026-03-19,Outros recursos do YouTube,8
2026-03-20,Outros recursos do YouTube,4
2026-03-21,Outros recursos do YouTube,0
2026-03-22,Outros recursos do YouTube,5
2026-03-23,Outros recursos do YouTube,3
2026-03-24,Outros recursos do YouTube,3
2026-03-25,Outros recursos do YouTube,4
2026-03-26,Outros recursos do YouTube,3
2026-03-27,Outros recursos do YouTube,8
2026-03-28,Outros recursos do YouTube,2
2026-03-29,Outros recursos do YouTube,0
2026-03-30,Outros recursos do YouTube,2
2026-03-31,Outros recursos do YouTube,0
2026-04-01,Outros recursos do YouTube,3
2026-04-02,Outros recursos do YouTube,0
2026-04-03,Outros recursos do YouTube,1
2026-04-04,Outros recursos do YouTube,9
2026-04-05,Outros recursos do YouTube,2
2026-04-06,Outros recursos do YouTube,2
2026-04-07,Outros recursos do YouTube,0
2026-04-08,Outros recursos do YouTube,0
2026-01-09,Externa,14
2026-01-10,Externa,19
2026-01-11,Externa,8
2026-01-12,Externa,19
2026-01-13,Externa,12
2026-01-14,Externa,14
2026-01-15,Externa,10
2026-01-16,Externa,22
2026-01-17,Externa,11
2026-01-18,Externa,7
2026-01-19,Externa,13
2026-01-20,Externa,15
2026-01-21,Externa,5
2026-01-22,Externa,23
2026-01-23,Externa,7
2026-01-24,Externa,19
2026-01-25,Externa,12
2026-01-26,Externa,10
2026-01-27,Externa,11
2026-01-28,Externa,21
2026-01-29,Externa,19
2026-01-30,Externa,17
2026-01-31,Externa,23
2026-02-01,Externa,8
2026-02-02,Externa,17
2026-02-03,Externa,15
2026-02-04,Externa,20
2026-02-05,Externa,28
2026-02-06,Externa,21
2026-02-07,Externa,15
2026-02-08,Externa,23
2026-02-09,Externa,28
2026-02-10,Externa,31
2026-02-11,Externa,40
2026-02-12,Externa,29
2026-02-13,Externa,23
2026-02-14,Externa,16
2026-02-15,Externa,18
2026-02-16,Externa,42
2026-02-17,Externa,28
2026-02-18,Externa,18
2026-02-19,Externa,35
2026-02-20,Externa,25
2026-02-21,Externa,18
2026-02-22,Externa,19
2026-02-23,Externa,45
2026-02-24,Externa,23
2026-02-25,Externa,25
2026-02-26,Externa,24
2026-02-27,Externa,37
2026-02-28,Externa,21
2026-03-01,Externa,27
2026-03-02,Externa,27
2026-03-03,Externa,22
2026-03-04,Externa,24
2026-03-05,Externa,16
2026-03-06,Externa,28
2026-03-07,Externa,17
2026-03-08,Externa,16
2026-03-09,Externa,22
2026-03-10,Externa,36
2026-03-11,Externa,21
2026-03-12,Externa,32
2026-03-13,Externa,25
2026-03-14,Externa,23
2026-03-15,Externa,21
2026-03-16,Externa,14
2026-03-17,Externa,27
2026-03-18,Externa,23
2026-03-19,Externa,20
2026-03-20,Externa,15
2026-03-21,Externa,21
2026-03-22,Externa,25
2026-03-23,Externa,26
2026-03-24,Externa,19
2026-03-25,Externa,26
2026-03-26,Externa,44
2026-03-27,Externa,33
2026-03-28,Externa,27
2026-03-29,Externa,20
2026-03-30,Externa,19
2026-03-31,Externa,20
2026-04-01,Externa,25
2026-04-02,Externa,19
2026-04-03,Externa,24
2026-04-04,Externa,28
2026-04-05,Externa,13
2026-04-06,Externa,19
2026-04-07,Externa,19
2026-04-08,Externa,29
2026-01-09,Playlists,0
2026-01-10,Playlists,0
2026-01-11,Playlists,1
2026-01-12,Playlists,1
2026-01-13,Playlists,0
2026-01-14,Playlists,0
2026-01-15,Playlists,0
2026-01-16,Playlists,0
2026-01-17,Playlists,0
2026-01-18,Playlists,1
2026-01-19,Playlists,0
2026-01-20,Playlists,0
2026-01-21,Playlists,0
2026-01-22,Playlists,0
2026-01-23,Playlists,0
2026-01-24,Playlists,0
2026-01-25,Playlists,5
2026-01-26,Playlists,0
2026-01-27,Playlists,0
2026-01-28,Playlists,0
2026-01-29,Playlists,0
2026-01-30,Playlists,0
2026-01-31,Playlists,0
2026-02-01,Playlists,0
2026-02-02,Playlists,1
2026-02-03,Playlists,0
2026-02-04,Playlists,0
2026-02-05,Playlists,1
2026-02-06,Playlists,0
2026-02-07,Playlists,0
2026-02-08,Playlists,0
2026-02-09,Playlists,0
2026-02-10,Playlists,0
2026-02-11,Playlists,0
2026-02-12,Playlists,0
2026-02-13,Playlists,0
2026-02-14,Playlists,0
2026-02-15,Playlists,1
2026-02-16,Playlists,0
2026-02-17,Playlists,0
2026-02-18,Playlists,0
2026-02-19,Playlists,0
2026-02-20,Playlists,0
2026-02-21,Playlists,0
2026-02-22,Playlists,2
2026-02-23,Playlists,0
2026-02-24,Playlists,0
2026-02-25,Playlists,0
2026-02-26,Playlists,0
2026-02-27,Playlists,0
2026-02-28,Playlists,0
2026-03-01,Playlists,0
2026-03-02,Playlists,1
2026-03-03,Playlists,1
2026-03-04,Playlists,0
2026-03-05,Playlists,0
2026-03-06,Playlists,0
2026-03-07,Playlists,0
2026-03-08,Playlists,0
2026-03-09,Playlists,0
2026-03-10,Playlists,0
2026-03-11,Playlists,0
2026-03-12,Playlists,0
2026-03-13,Playlists,2
2026-03-14,Playlists,0
2026-03-15,Playlists,0
2026-03-16,Playlists,0
2026-03-17,Playlists,0
2026-03-18,Playlists,0
2026-03-19,Playlists,0
2026-03-20,Playlists,0
2026-03-21,Playlists,0
2026-03-22,Playlists,0
2026-03-23,Playlists,0
2026-03-24,Playlists,0
2026-03-25,Playlists,0
2026-03-26,Playlists,0
2026-03-27,Playlists,0
2026-03-28,Playlists,0
2026-03-29,Playlists,0
2026-03-30,Playlists,0
2026-03-31,Playlists,0
2026-04-01,Playlists,0
2026-04-02,Playlists,1
2026-04-03,Playlists,0
2026-04-04,Playlists,0
2026-04-05,Playlists,1
2026-04-06,Playlists,0
2026-04-07,Playlists,1
2026-04-08,Playlists,0
2026-01-09,Notificações,2
2026-01-10,Notificações,9
2026-01-11,Notificações,7
2026-01-12,Notificações,1
2026-01-13,Notificações,3
2026-01-14,Notificações,6
2026-01-15,Notificações,11
2026-01-16,Notificações,4
2026-01-17,Notificações,7
2026-01-18,Notificações,2
2026-01-19,Notificações,4
2026-01-20,Notificações,1
2026-01-21,Notificações,3
2026-01-22,Notificações,5
2026-01-23,Notificações,2
2026-01-24,Notificações,1
2026-01-25,Notificações,3
2026-01-26,Notificações,9
2026-01-27,Notificações,1
2026-01-28,Notificações,4
2026-01-29,Notificações,3
2026-01-30,Notificações,5
2026-01-31,Notificações,1
2026-02-01,Notificações,0
2026-02-02,Notificações,2
2026-02-03,Notificações,0
2026-02-04,Notificações,0
2026-02-05,Notificações,3
2026-02-06,Notificações,2
2026-02-07,Notificações,0
2026-02-08,Notificações,4
2026-02-09,Notificações,0
2026-02-10,Notificações,1
2026-02-11,Notificações,0
2026-02-12,Notificações,1
2026-02-13,Notificações,2
2026-02-14,Notificações,1
2026-02-15,Notificações,0
2026-02-16,Notificações,4
2026-02-17,Notificações,3
2026-02-18,Notificações,0
2026-02-19,Notificações,0
2026-02-20,Notificações,4
2026-02-21,Notificações,3
2026-02-22,Notificações,4
2026-02-23,Notificações,1
2026-02-24,Notificações,5
2026-02-25,Notificações,2
2026-02-26,Notificações,0
2026-02-27,Notificações,2
2026-02-28,Notificações,0
2026-03-01,Notificações,0
2026-03-02,Notificações,0
2026-03-03,Notificações,1
2026-03-04,Notificações,7
2026-03-05,Notificações,2
2026-03-06,Notificações,1
2026-03-07,Notificações,8
2026-03-08,Notificações,0
2026-03-09,Notificações,0
2026-03-10,Notificações,6
2026-03-11,Notificações,3
2026-03-12,Notificações,3
2026-03-13,Notificações,0
2026-03-14,Notificações,2
2026-03-15,Notificações,0
2026-03-16,Notificações,5
2026-03-17,Notificações,0
2026-03-18,Notificações,2
2026-03-19,Notificações,0
2026-03-20,Notificações,2
2026-03-21,Notificações,9
2026-03-22,Notificações,0
2026-03-23,Notificações,2
2026-03-24,Notificações,0
2026-03-25,Notificações,2
2026-03-26,Notificações,3
2026-03-27,Notificações,8
2026-03-28,Notificações,3
2026-03-29,Notificações,1
2026-03-30,Notificações,0
2026-03-31,Notificações,2
2026-04-01,Notificações,3
2026-04-02,Notificações,2
2026-04-03,Notificações,1
2026-04-04,Notificações,0
2026-04-05,Notificações,2
2026-04-06,Notificações,0
2026-04-07,Notificações,0
2026-04-08,Notificações,0
2026-01-09,Feed dos Shorts,31
2026-01-10,Feed dos Shorts,342
2026-01-11,Feed dos Shorts,6
2026-01-12,Feed dos Shorts,8
2026-01-13,Feed dos Shorts,24
2026-01-14,Feed dos Shorts,1951
2026-01-15,Feed dos Shorts,29
2026-01-16,Feed dos Shorts,844
2026-01-17,Feed dos Shorts,1572
2026-01-18,Feed dos Shorts,1619
2026-01-19,Feed dos Shorts,599
2026-01-20,Feed dos Shorts,1304
2026-01-21,Feed dos Shorts,4102
2026-01-22,Feed dos Shorts,410
2026-01-23,Feed dos Shorts,2048
2026-01-24,Feed dos Shorts,35
2026-01-25,Feed dos Shorts,1712
2026-01-26,Feed dos Shorts,106
2026-01-27,Feed dos Shorts,29
2026-01-28,Feed dos Shorts,250
2026-01-29,Feed dos Shorts,1808
2026-01-30,Feed dos Shorts,1527
2026-01-31,Feed dos Shorts,815
2026-02-01,Feed dos Shorts,496
2026-02-02,Feed dos Shorts,260
2026-02-03,Feed dos Shorts,161
2026-02-04,Feed dos Shorts,168
2026-02-05,Feed dos Shorts,2107
2026-02-06,Feed dos Shorts,17
2026-02-07,Feed dos Shorts,955
2026-02-08,Feed dos Shorts,133
2026-02-09,Feed dos Shorts,28
2026-02-10,Feed dos Shorts,5
2026-02-11,Feed dos Shorts,23
2026-02-12,Feed dos Shorts,1348
2026-02-13,Feed dos Shorts,1295
2026-02-14,Feed dos Shorts,1171
2026-02-15,Feed dos Shorts,362
2026-02-16,Feed dos Shorts,16
2026-02-17,Feed dos Shorts,75
2026-02-18,Feed dos Shorts,1360
2026-02-19,Feed dos Shorts,436
2026-02-20,Feed dos Shorts,1721
2026-02-21,Feed dos Shorts,722
2026-02-22,Feed dos Shorts,1013
2026-02-23,Feed dos Shorts,893
2026-02-24,Feed dos Shorts,1281
2026-02-25,Feed dos Shorts,663
2026-02-26,Feed dos Shorts,308
2026-02-27,Feed dos Shorts,639
2026-02-28,Feed dos Shorts,1746
2026-03-01,Feed dos Shorts,480
2026-03-02,Feed dos Shorts,123
2026-03-03,Feed dos Shorts,113
2026-03-04,Feed dos Shorts,1455
2026-03-05,Feed dos Shorts,246
2026-03-06,Feed dos Shorts,605
2026-03-07,Feed dos Shorts,315
2026-03-08,Feed dos Shorts,38
2026-03-09,Feed dos Shorts,546
2026-03-10,Feed dos Shorts,473
2026-03-11,Feed dos Shorts,1680
2026-03-12,Feed dos Shorts,1581
2026-03-13,Feed dos Shorts,935
2026-03-14,Feed dos Shorts,44
2026-03-15,Feed dos Shorts,19
2026-03-16,Feed dos Shorts,252
2026-03-17,Feed dos Shorts,1494
2026-03-18,Feed dos Shorts,1361
2026-03-19,Feed dos Shorts,766
2026-03-20,Feed dos Shorts,120
2026-03-21,Feed dos Shorts,1573
2026-03-22,Feed dos Shorts,1013
2026-03-23,Feed dos Shorts,552
2026-03-24,Feed dos Shorts,637
2026-03-25,Feed dos Shorts,1790
2026-03-26,Feed dos Shorts,1098
2026-03-27,Feed dos Shorts,1391
2026-03-28,Feed dos Shorts,81
2026-03-29,Feed dos Shorts,63
2026-03-30,Feed dos Shorts,31
2026-03-31,Feed dos Shorts,12
2026-04-01,Feed dos Shorts,2304
2026-04-02,Feed dos Shorts,33
2026-04-03,Feed dos Shorts,32
2026-04-04,Feed dos Shorts,94
2026-04-05,Feed dos Shorts,37
2026-04-06,Feed dos Shorts,14
2026-04-07,Feed dos Shorts,12
2026-04-08,Feed dos Shorts,8
2026-01-09,Páginas de hashtag,0
2026-01-10,Páginas de hashtag,0
2026-01-11,Páginas de hashtag,0
2026-01-12,Páginas de hashtag,3
2026-01-13,Páginas de hashtag,0
2026-01-14,Páginas de hashtag,0
2026-01-15,Páginas de hashtag,0
2026-01-16,Páginas de hashtag,0
2026-01-17,Páginas de hashtag,0
2026-01-18,Páginas de hashtag,0
2026-01-19,Páginas de hashtag,1
2026-01-20,Páginas de hashtag,4
2026-01-21,Páginas de hashtag,1
2026-01-22,Páginas de hashtag,4
2026-01-23,Páginas de hashtag,3
2026-01-24,Páginas de hashtag,3
2026-01-25,Páginas de hashtag,5
2026-01-26,Páginas de hashtag,2
2026-01-27,Páginas de hashtag,1
2026-01-28,Páginas de hashtag,2
2026-01-29,Páginas de hashtag,1
2026-01-30,Páginas de hashtag,0
2026-01-31,Páginas de hashtag,0
2026-02-01,Páginas de hashtag,0
2026-02-02,Páginas de hashtag,1
2026-02-03,Páginas de hashtag,2
2026-02-04,Páginas de hashtag,1
2026-02-05,Páginas de hashtag,1
2026-02-06,Páginas de hashtag,0
2026-02-07,Páginas de hashtag,3
2026-02-08,Páginas de hashtag,5
2026-02-09,Páginas de hashtag,4
2026-02-10,Páginas de hashtag,1
2026-02-11,Páginas de hashtag,0
2026-02-12,Páginas de hashtag,0
2026-02-13,Páginas de hashtag,0
2026-02-14,Páginas de hashtag,2
2026-02-15,Páginas de hashtag,0
2026-02-16,Páginas de hashtag,0
2026-02-17,Páginas de hashtag,1
2026-02-18,Páginas de hashtag,3
2026-02-19,Páginas de hashtag,0
2026-02-20,Páginas de hashtag,1
2026-02-21,Páginas de hashtag,2
2026-02-22,Páginas de hashtag,2
2026-02-23,Páginas de hashtag,0
2026-02-24,Páginas de hashtag,0
2026-02-25,Páginas de hashtag,3
2026-02-26,Páginas de hashtag,2
2026-02-27,Páginas de hashtag,1
2026-02-28,Páginas de hashtag,2
2026-03-01,Páginas de hashtag,1
2026-03-02,Páginas de hashtag,0
2026-03-03,Páginas de hashtag,0
2026-03-04,Páginas de hashtag,0
2026-03-05,Páginas de hashtag,0
2026-03-06,Páginas de hashtag,0
2026-03-07,Páginas de hashtag,0
2026-03-08,Páginas de hashtag,0
2026-03-09,Páginas de hashtag,0
2026-03-10,Páginas de hashtag,0
2026-03-11,Páginas de hashtag,0
2026-03-12,Páginas de hashtag,0
2026-03-13,Páginas de hashtag,1
2026-03-14,Páginas de hashtag,2
2026-03-15,Páginas de hashtag,0
2026-03-16,Páginas de hashtag,0
2026-03-17,Páginas de hashtag,0
2026-03-18,Páginas de hashtag,0
2026-03-19,Páginas de hashtag,0
2026-03-20,Páginas de hashtag,0
2026-03-21,Páginas de hashtag,2
2026-03-22,Páginas de hashtag,0
2026-03-23,Páginas de hashtag,0
2026-03-24,Páginas de hashtag,2
2026-03-25,Páginas de hashtag,2
2026-03-26,Páginas de hashtag,0
2026-03-27,Páginas de hashtag,0
2026-03-28,Páginas de hashtag,1
2026-03-29,Páginas de hashtag,1
2026-03-30,Páginas de hashtag,2
2026-03-31,Páginas de hashtag,1
2026-04-01,Páginas de hashtag,1
2026-04-02,Páginas de hashtag,0
2026-04-03,Páginas de hashtag,0
2026-04-04,Páginas de hashtag,0
2026-04-05,Páginas de hashtag,0
2026-04-06,Páginas de hashtag,1
2026-04-07,Páginas de hashtag,1
2026-04-08,Páginas de hashtag,1
2026-01-09,Páginas de música,0
2026-01-10,Páginas de música,0
2026-01-11,Páginas de música,0
2026-01-12,Páginas de música,0
2026-01-13,Páginas de música,0
2026-01-14,Páginas de música,4
2026-01-15,Páginas de música,0
2026-01-16,Páginas de música,0
2026-01-17,Páginas de música,0
2026-01-18,Páginas de música,0
2026-01-19,Páginas de música,0
2026-01-20,Páginas de música,0
2026-01-21,Páginas de música,1
2026-01-22,Páginas de música,0
2026-01-23,Páginas de música,0
2026-01-24,Páginas de música,0
2026-01-25,Páginas de música,0
2026-01-26,Páginas de música,2
2026-01-27,Páginas de música,0
2026-01-28,Páginas de música,1
2026-01-29,Páginas de música,0
2026-01-30,Páginas de música,1
2026-01-31,Páginas de música,1
2026-02-01,Páginas de música,0
2026-02-02,Páginas de música,0
2026-02-03,Páginas de música,0
2026-02-04,Páginas de música,0
2026-02-05,Páginas de música,0
2026-02-06,Páginas de música,0
2026-02-07,Páginas de música,0
2026-02-08,Páginas de música,0
2026-02-09,Páginas de música,0
2026-02-10,Páginas de música,0
2026-02-11,Páginas de música,3
2026-02-12,Páginas de música,1
2026-02-13,Páginas de música,0
2026-02-14,Páginas de música,1
2026-02-15,Páginas de música,0
2026-02-16,Páginas de música,0
2026-02-17,Páginas de música,0
2026-02-18,Páginas de música,0
2026-02-19,Páginas de música,0
2026-02-20,Páginas de música,1
2026-02-21,Páginas de música,0
2026-02-22,Páginas de música,0
2026-02-23,Páginas de música,0
2026-02-24,Páginas de música,0
2026-02-25,Páginas de música,6
2026-02-26,Páginas de música,0
2026-02-27,Páginas de música,0
2026-02-28,Páginas de música,1
2026-03-01,Páginas de música,0
2026-03-02,Páginas de música,0
2026-03-03,Páginas de música,0
2026-03-04,Páginas de música,0
2026-03-05,Páginas de música,0
2026-03-06,Páginas de música,3
2026-03-07,Páginas de música,0
2026-03-08,Páginas de música,0
2026-03-09,Páginas de música,0
2026-03-10,Páginas de música,0
2026-03-11,Páginas de música,1
2026-03-12,Páginas de música,3
2026-03-13,Páginas de música,0
2026-03-14,Páginas de música,0
2026-03-15,Páginas de música,0
2026-03-16,Páginas de música,0
2026-03-17,Páginas de música,3
2026-03-18,Páginas de música,0
2026-03-19,Páginas de música,0
2026-03-20,Páginas de música,0
2026-03-21,Páginas de música,0
2026-03-22,Páginas de música,1
2026-03-23,Páginas de música,0
2026-03-24,Páginas de música,0
2026-03-25,Páginas de música,0
2026-03-26,Páginas de música,1
2026-03-27,Páginas de música,1
2026-03-28,Páginas de música,2
2026-03-29,Páginas de música,0
2026-03-30,Páginas de música,0
2026-03-31,Páginas de música,0
2026-04-01,Páginas de música,3
2026-04-02,Páginas de música,0
2026-04-03,Páginas de música,1
2026-04-04,Páginas de música,0
2026-04-05,Páginas de música,0
2026-04-06,Páginas de música,0
2026-04-07,Páginas de música,0
2026-04-08,Páginas de música,0
