"Identificação do post","Identificação da conta","Nome de usuário da conta","Nome da conta",Descrição,"Duração (s)","Horário de publicação","Link permanente","Tipo de post","Comentário de dados",Data,Visualizações,Alcance,Curtidas,Compartilhamentos,Seguimentos,Comentários,Salvamentos
18319537225215642,17841401563580236,megaeletronicosoficialpy,"Mega Eletrônicos | 🇧🇷 Conta Oficial","🚨 Já chegou na Mega Eletrônicos! 🚨

O iPhone 17 Pro chegou trazendo tecnologia de outro nível:
📱 Tela OLED 6,3” com brilho de 3000 nits e 120 Hz
⚡ Chip A19 Pro ultra veloz
📸 Câmeras 48 MP com teleobjetiva de 4x zoom
🔋 Bateria para até 31h de vídeo
💾 Armazenamento: 256GB, 512GB e 1TB

A Mega Eletrônicos é Apple Authorized Reseller, oferecendo produtos originais com garantia oficial. 🍎

Disponível na loja a partir de terça-feira.
Comente abaixo: qual valor você imagina para este lançamento? 💭

#iPhone17Pro #MegaEletronicos #AppleAuthorizedReseller #lançamento",26,"09/20/2025 11:28",https://www.instagram.com/reel/DO1YhEykRpZ/,"Reel do Instagram",,Total,167369,136840,715,65,44,202,65
18101863777530758,17841407601225083,dicadawinie,"Winie Anand","IPhone 17 chegou na @megaeletronicosoficialpy @megaelectronicosparaguay !

Vocês vão encontrar todos os modelos novos 17, 17 Pro, 17 Pro Max e Iphone Air!

#comprasparaguai #iphone17",20,"09/20/2025 12:39",https://www.instagram.com/reel/DO1gdGxEsFC/,"Reel do Instagram",,Total,39423,,536,17,,29,0
17972205566930723,17841401563580236,megaeletronicosoficialpy,"Mega Eletrônicos | 🇧🇷 Conta Oficial","🚨E o mais falado tambem já está na Mega Eletrônicos! 🚨

O iPhone Air chegou trazendo inovação e design ultraleve:
📱 Tela OLED 6,1” com brilho de 2500 nits e 120 Hz
⚡ Chip A19 com performance otimizada
📸 Câmeras 48 MP com fotos e vídeos em altíssima qualidade
🔋 Bateria de longa duração, perfeita para o dia todo
💾 Armazenamento: 128GB, 256GB, 512GB e 1 Tb.

A Mega Eletrônicos é Apple Authorized Reseller, oferecendo produtos originais com garantia oficial. 🍎

Disponível na loja a partir de terça-feira.
💭 Comente abaixo: qual valor você imagina para este lançamento?

#iPhoneAir #MegaEletronicos #AppleAuthorizedReseller #lançamento #iphone17 #apple",23,"09/21/2025 08:08",https://www.instagram.com/reel/DO3mZ5MEWVv/,"Reel do Instagram",,Total,80222,71020,358,17,12,45,18
18058089254615256,17841462447596208,explorandoafronteira,"Explorando a Fronteira por Nicolly Tavassi","Chegou o novo Iphone 17 no Paraguai!!!

É claro que já tem na Mega Eletrônicos!

Aqui vocês encontram os modelos: 17, Air e 17 Pro Max!!

Eles estarão disponíveis pra venda a partir de terça feira dia 23 de setembro. 

Quando os preços ficarem disponíveis que trago pra vocês saberem.

Coloca nos comentários qual preço vocês acham que ele vai estar aqui no Paraguai, quero ver quem acerta!

#paraguai #comprasparaguai #iphone #iphone17 #apple #celular",45,"09/21/2025 08:57",https://www.instagram.com/reel/DO3rLkgjpEO/,"Reel do Instagram",,Total,46142,,684,63,,36,0
18067338938215933,17841401573017083,comprasparaguai,"Compras Paraguai","TEM PREÇO DO IPHONE 17!

🚨📱 A espera acabou! Os novos iPhones 17 já desembarcaram na Mega Eletrônicos, direto de Ciudad del Este! 😍✨

E o melhor: com preço de lançamento imperdível! 🔥

👉 Garanta já o seu e seja um dos primeiros a ter essa novidade nas mãos!

✅ O Compras Paraguai é um site comparador de preços das melhores lojas do Paraguai. Não vendemos nem enviamos qualquer produto para o Brasil.

✅ Para comprar com segurança recomendamos que você venha pessoalmente até as lojas de Ciudad del Este que indicamos em nossas plataformas.

#iPhone17 #MegaEletronicos #CiudadDelEste #AppleLovers #Tecnologia #LançamentoApple #iPhone17Paraguai #PreçoDeLançamento #NovidadesApple #ParaguaiTech",69,"09/22/2025 03:25",https://www.instagram.com/reel/DO5q6TnEdv3/,"Reel do Instagram",,Total,101867,,1505,291,,77,0
18076951268090949,17841429544554900,blogueiracamilar,"CAMILA G RAMOS","Chegouuuuu o iPhone 17 na @megaeletronicosoficialpy 😮‍💨😮‍💨😮‍💨 Disponíveis a partir de USD1130 😱 Os valores do iPhone 17 podem haver alterações* 

Eu quero MUITOOOOO! E você? A diferença está incrível! 

#iphone17 #iphone #iphone17promax #paraguai #comprasparaguai #cidadedeleste #py #paraguai🇵🇾",50,"09/22/2025 13:58",https://www.instagram.com/reel/DO6zQzoiW9B/,"Reel do Instagram",,Total,38956,,684,267,,102,0
18067893698211179,17841401563580236,megaeletronicosoficialpy,"Mega Eletrônicos | 🇧🇷 Conta Oficial","O carregamento mais aguardado do ano acabou de pousar na Mega Eletrônicos! 🚁📦

🔥 O iPhone 17 chegou em primeira mão — e o nosso estoque é SUPER LIMITADO.

Quem deixar pra depois, vai ficar sem!!! 😱

📍 Mega Eletrônicos – Ciudad del Este
⏳ Lançamento AMANHÃ

👉 Seja um dos primeiros a garantir o seu. O futuro já chegou — mas vai acabar rápido!

#apple #iphone17 #iPhone17Pro #MegaEletronicos #AppleAuthorizedReseller #lançamento",28,"09/22/2025 15:08",https://www.instagram.com/reel/DO67J9xj5xT/,"Reel do Instagram",,Total,48900,32068,426,161,12,80,15
18072778133182025,17841401696555467,aventurese.comigo,"Edilaine Correia | Foz do Iguaçu | Influencer","O iphone 17 chegou no Paraguai 🇵🇾 

Para mais informações seguir o perfil: @megaeletronicosoficialpy 

📍Monseñor Rodríguez esquina, Cd. del
Este 7000, Paraguai, próximo da aduana paraguaia. 

⏰Seg à sexta das 07h às 16h30| sábado até as 15h. 

Ficou com mais alguma dúvida? 
Deixe aqui nos comentários 👇🏼",17,"09/23/2025 03:25",https://www.instagram.com/reel/DO8PqBdjlnf/,"Reel do Instagram",,Total,32378,,371,154,,51,0
18151808779402706,17841401563580236,megaeletronicosoficialpy,"Mega Eletrônicos | 🇧🇷 Conta Oficial","📷 A revolução das câmeras chegou
O iPhone 17 Pro traz um sistema de câmeras profissional para capturar cada detalhe com precisão.
🔹 Sensor principal de altíssima resolução para fotos nítidas mesmo com zoom.
🔹 Modo Noturno aprimorado para imagens claras em baixa luz.
🔹 Vídeos em 8K com estabilização avançada.
🔹 Ultra-wide e teleobjetiva para ampliar seus ângulos criativos.

✨ É como ter uma câmera profissional no bolso, pronta para qualquer momento.

📦 Quer ver tudo isso na prática? Acompanhe o nosso unboxing exclusivo do iPhone 17 Pro.

#iphone17pro  #applebrasil #megadeals #megaeletronicos #tecnologia #iphone #applelovers",42,"09/23/2025 14:02",https://www.instagram.com/reel/DO9YetHERgn/,"Reel do Instagram",,Total,44441,43557,179,50,2,49,6
18051149150298497,17841401563580236,megaeletronicosoficialpy,"Mega Eletrônicos | 🇧🇷 Conta Oficial","🍎 Descubra o futuro na palma da sua mão com o novo iPhone Air 17🔥
Com apenas 5,6 mm e 165 g, o iPhone Air 17 é o mais fino já feito, com design em titânio.

⚡ Bateria poderosa: até 27h de vídeo e carga rápida de 50% em 30 min + até 4h extras em relação às gerações anteriores.

🚀 Desempenho imbatível com o chip A19 Pro, tela imersiva de 6,5”, ProMotion 120Hz e brilho de até 3000 nits.

📸 Câmeras avançadas:
	•	Principal Fusion 48 MP com Dolby Vision 4K 60 fps
	•	Frontal 18 MP com Center Stage

👉 Resultados profissionais em um design ultrafino.

📍 Já disponível na Mega Eletrônicos 
Você está preparado para provar essa revolução?

#iPhoneAir17 #Apple #iPhoneMaisFino #AppleIntelligence #BateriaQueDura #TecnologiaApple #DesignIncrível #ProMotion120Hz #48MP #ChipA19Pro #megaeletronicos #cde #paraguay",0,"09/24/2025 11:00",https://www.instagram.com/p/DO_ofBKD76B/,"Carrossel do Instagram",,Total,37899,6537,87,11,0,9,2
18096053569590685,17841401563580236,megaeletronicosoficialpy,"Mega Eletrônicos | 🇧🇷 Conta Oficial","O celular mais resistente do mercado! 🚀

🔹Bateria de 15.080mAh: até 30 dias de uso moderado sem precisar carregar.
🔹 Tela traseira inteligente: tire selfies com a câmera principal, acompanhe seus passos, controle músicas, veja o clima e personalize o relógio.
🔹Tela gigante de 6.7"" Full HD+ com 120Hz
🔹 Indestrutível de verdade: aguenta impactos, quedas, é à prova d’água e feito para trabalhos pesados.

Se você procura um celular tudo-terreno que encara qualquer desafio, o Blackview BV9300 Pro é a escolha certa!

👉 Quer que a gente teste a resistência dele? Deixe nos comentários!
#blackview #bv9300pro #celularresistente #smartphone #paraguai #ciudaddeleste #megaeletronicos #turismoparaguai #comprasnoexterior #tecnologia #gadgets #lançamento",55,"09/25/2025 07:12",https://www.instagram.com/reel/DPBzHkGjhs8/,"Reel do Instagram",,Total,20559,15201,219,97,15,88,16
17890659420347891,17841401563580236,megaeletronicosoficialpy,"Mega Eletrônicos | 🇧🇷 Conta Oficial","🍎 Chegou o iPhone 17 Magicolorido 🌈 
Design ultrafino, leve e com 7 cores incríveis. Tecnologia de ponta com muito estilo.

🔹  Tela imersiva de 6,3”, brilho de até 3000 nits e ProMotion 120Hz. Visual incrível em qualquer condição.
🔹  Desempenho turbo com chip A19, 40% mais rápido, iOS 26 e Apple Intelligence para uma experiência mais inteligente e fluida.
🔹  Bateria poderosa, +10h de autonomia, carregamento rápido: 50% em 30 minutos.
🔹 Câmeras de 48 MP, Resultados profissionais em fotos e vídeos com Dolby Vision 4K. Frontal de 18 MP com Center Stage.

📍 Já disponível na Mega Eletrônicos
Você está pronto para essa revolução?

#iPhone17 #Magicolorido #AppleIntelligence #ChipA19 #iOS26 #BateriaDurável #Câmera48MP #MegaEletronicos #CDE #Paraguay #AppleBrasil #TecnologiaComEstilo #paraguay",0,"09/25/2025 14:00",https://www.instagram.com/p/DPCh-cRAW_p/,"Carrossel do Instagram",,Total,35458,5554,70,15,1,7,3
17898771300277868,17841407601225083,dicadawinie,"Winie Anand","Se você busca mais entretenimento no seu carro, praticidade e também poder rotear internet para todo mundo que estiver no seu carro! O Car Play da Audisat foi feito para você!

A @megaeletronicosoficialpy é importadora da Marca no 🇵🇾 !",29,"09/26/2025 03:07",https://www.instagram.com/reel/DPD7oYsjghz/,"Reel do Instagram",,Total,51518,,707,841,,31,0
17952123183008538,17841401563580236,megaeletronicosoficialpy,"Mega Eletrônicos | 🇧🇷 Conta Oficial","⚡CHEGOU O MOMENTO MAIS ESPERADO ⚡

De 20 a 23 de novembro, você é nosso convidado para viver a Hack Friday 2025 na Mega Eletrônicos! 🚀
Quer aquele celular novo? Um fone de última geração? Ou aproveitar para renovar seus eletrônicos? Aqui você encontra tudo isso com descontos de verdade 🤩 Então já marca essa data no seu calendário!

📍 Estamos pertinho de você, em Ciudad del Este – Paraguai

🔥 Vem garantir suas ofertas e fazer parte dessa Black Friday inesquecível! 🔥

#megaeletronicos #blackfriday #blackfriday2025 #ofertas #descontos #promoções #comprasparaguai #ciudaddeleste",26,"09/26/2025 08:06",https://www.instagram.com/reel/DPEeJzDgmyh/,"Reel do Instagram",,Total,358872,181361,349,201,326,19,23
17944244583058185,17841462447596208,explorandoafronteira,"Explorando a Fronteira por Nicolly Tavassi","Esse é o smart watch da Audisat, o X5 pro.

Ele é super completo, bonito e tem um preço incrível aqui no Paraguai, na loja da Mega eletrônicos!

Ele é quase um celular de pulso de tão completo!

Me conta o que achou e me diz se teria um desse.

#paraguai #comprasparaguai #relógio #eletronicos",36,"09/26/2025 10:20",https://www.instagram.com/reel/DPEtFAQjnLk/,"Reel do Instagram",,Total,28720,,467,385,,34,0
18290300908283854,17841401563580236,megaeletronicosoficialpy,"Mega Eletrônicos | 🇧🇷 Conta Oficial","🍎 iPhone 17 Pro – Potência e design sem limites 🚀

O iPhone mais poderoso já criado, com design ultrafino e materiais de altíssima qualidade.

🔹 Tela Super Retina XDR de 6,7” com até 3000 nits e ProMotion 120Hz.
🔹 Chip A19 Pro Max: desempenho 40% mais rápido e Apple Intelligence para o dia a dia mais inteligente.
🔹 Design ultrafino de 6 mm e 170 g, disponível em cores exclusivas.
🔹 Câmera Pro Fusion de 48 MP + frontal de 18 MP com Center Stage.
🔹 Vídeo Dolby Vision 4K a 120 fps com captura dupla de tela.
🔹 Bateria de longa duração, +10h extras de autonomia e recarga rápida: 50% em 20 minutos.

📍 Já disponível na Mega Eletrônicos Paraguay
Garanta o seu antes que acabe ⚡

#iPhone17Pro #AppleIntelligence #ChipA19Pro #iOS26 #CâmeraProFusion #MegaEletronicos #Paraguai #AppleLatam #TecnologiaPremium",0,"09/26/2025 12:01",https://www.instagram.com/p/DPE5HzhjE-l/,"Carrossel do Instagram",,Total,42889,6924,107,15,2,6,4
18070935410468797,17841401563580236,megaeletronicosoficialpy,"Mega Eletrônicos | 🇧🇷 Conta Oficial","🔥 Não compre ar-condicionado antes de ver esse vídeo!
O LANÇAMENTO Audisat AC-12PY chegou para salvar você do calor (e do frio também)! ❄️🔥

✅ 12.000 BTUs para resfriar
✅ 12.500 BTUs para aquecer
✅ Função Turbo, Sleep e Timer
✅ Super silencioso: só 42dB
✅ Garantia de 1 ano + proteção IPX4
💰 Tudo isso por R$1.362 🤯 (valores sujeitos a alterações)

Comente “Audisat” aqui embaixo 👇 que enviamos o link para você.

#ArCondicionado #Audisat #casaconfortável #Climatização #ofertasespeciais #promocaododia #tecnología #MegaEletrônicos #economiainteligente",37,"09/27/2025 06:03",https://www.instagram.com/reel/DPG00OMEbWQ/,"Reel do Instagram",,Total,273829,166198,1767,579,3541,585,93
17856507033530966,17841406652483983,guiadafronteira,"Manu do Guia da Fronteira em Foz do Iguaçu 🇧🇷🇦🇷🇵🇾","O novo iPhone 17 já está na @megaeletronicosoficialpy disponível em todas as versões e cores. 😱

📱Linha completa do iPhone: 17, 17 Pro, 17 Pro Max e o exclusivo Air. Mais fino, mais potente, com câmera e bateria de outro nível.

📍Onde encontrar? Na Mega Eletrônicos, localizada da rua Monseñor Rodriguez em Ciudad Del Este no Paraguay (do lado esquerdo).

⏰ Qual horário de atendimento? Segunda das 7h às 16h30 | terça à sexta das 6h30 às 16h30 | sábado das 6h às 15h | fechado aos domingos.

👋🏻 Se gostou já salva essa dica e marca aqui o @ que quer comprar o novo iPhone!",42,"09/27/2025 13:38",https://www.instagram.com/reel/DPHosUSDjHl/,"Reel do Instagram",,Total,45270,,577,190,,25,0
18066597311034237,17841411892401375,fozcidadelinda,"Foz do Iguaçu Cidade Linda","VALOR DO IPHONE 17 NO PY 🇵🇾

Já começou a venda oficial dos Iphones 17 na Mega Eletronicos e nós viemos te contar em primeira mão os valores de todos os modelos que você quer saber.

Na Mega você encontra desde o Iphone 17 Air até o Iphone 17 Pro Max, tudo original e com valor muito mais barato que no Brasil. 

Se já quer comprar o seu, corre para a loja 👀",34,"09/28/2025 12:37",https://www.instagram.com/reel/DPKGtN_gZTm/,"Reel do Instagram",,Total,81555,,1114,385,,40,0
18069411533213464,17841411892401375,fozcidadelinda,"Foz do Iguaçu Cidade Linda","E aí o que acharam?

Para ambientes bem iluminados o iPhone 17 tem uma resolução muito boa e entrega um resultado muito legal quando utiliza o zoom 8x.

Esse aí foi feito com os IPhones da @megaeletronicosoficialpy em CDE no Paraguay.

Comentem o que acharam ?",0,"09/29/2025 16:46",https://www.instagram.com/p/DPNIEruEd7y/,"Carrossel do Instagram",,Total,222074,,2167,631,,43,0
18411078217115306,17841401563580236,megaeletronicosoficialpy,"Mega Eletrônicos | 🇧🇷 Conta Oficial","Já imaginou ter a potência de um computador de mesa na palma da sua mão? 🤯
A Mini PC chegou para transformar sua rotina:

⚡ 512 GB de armazenamento
⚡ 16 GB de RAM
⚡ Windows 11 super fluido
⚡ CPU até 3.6 GHz com gráficos Intel UHD
⚡ Saída em 4K Ultra HD

Compacta, poderosa e feita para elevar sua produtividade e entretenimento a outro nível 🚀✨

#minipc #tecnologia #megaeletronicos #computador #inovação #paraguai #eletronicos #pcgamer #windows11 #4kultrahd #informática #produtividade #gadgets",28,"09/30/2025 08:05",https://www.instagram.com/reel/DPOxPdogDBg/,"Reel do Instagram",,Total,9286,7679,124,28,4,29,20
17962695494977478,17841462447596208,explorandoafronteira,"Explorando a Fronteira por Nicolly Tavassi","Caixas de som da Aiwa no Paraguai!

A Aiwa é uma marca muito boa, principalmente pra quem procura custo benefício.

Você encontra ela aqui no Paraguai, na loja da Mega Eletrônicos!

Me conta se já t stou alguma dessas caixas de som!

#paraguai #comprasparaguai #caixadesom #aiwa #eletronicos",60,"09/30/2025 09:00",https://www.instagram.com/reel/DPO3IiuDp04/,"Reel do Instagram",,Total,26425,,367,150,,24,0
17859398124448206,17841411892401375,fozcidadelinda,"Foz do Iguaçu Cidade Linda","ÓCULOS COM SOM EMBUTIDO? 👀🇵🇾

Esse aqui é o Xiaomi Smart Audio Glasses, um óculos inteligente que toca música e atende chamadas - tudo isso sem precisar tirar o óculos do rosto. 

Com estrutura de áudio embutida diretamente nas hastes, os alto-falantes são direcionais para o seu ouvido e o microfone possui cancelamento de ruído, garantindo privacidade total. As lentes são trocáveis e o óculos ainda é resistente a água e ao suor. 

Um produto inovador que pode otimizar muito sua rotina no dia a dia. Se você já quer comprar o seu, corre para a Mega Eletrônicos ✨💢",55,"10/01/2025 07:46",https://www.instagram.com/reel/DPRTf1sDekG/,"Reel do Instagram",,Total,47207,,746,780,,26,0
18326287213235540,17841401563580236,megaeletronicosoficialpy,"Mega Eletrônicos | 🇧🇷 Conta Oficial","🔥 Este celular não é para qualquer um… é para quem busca o máximo desempenho em um smartphone.

📱 Chegou o Xiaomi 15T:
✨ Design elegante com tela AMOLED de 6,83” e fluidez de 120 Hz
⚡ Chip Dimensity 8400-Ultra + 12 GB RAM = potência sem pausas
🔋 Bateria de 5.500 mAh + carregamento rápido de 67W
📸 Triple câmera Leica de 50 + 50 + 12 MP para fotos de outro nível

Quer saber mais sobre este lançamento?
👉 Comente 15T e receba o link exclusivo 🚀

#xiaomi15t #xiaomi #lançamentoxiaomi #novosmartphone #megapower #tecnologia #fotografiacomxiaomi #amantesdogaming #eletronicos #megaeletronicos",56,"10/02/2025 14:58",https://www.instagram.com/reel/DPUp_4UEftJ/,"Reel do Instagram",,Total,12294,9246,227,43,12,47,23
18069923786264619,17841401573017083,comprasparaguai,"Compras Paraguai","📺✨ Lançamento fresquinho direto do Paraguai!

Na Mega Eletrônicos, chegou a nova TV Audisat, com 1 ano de garantia e aquele precinho que só Ciudad del Este oferece.

🔥 Qualidade, tecnologia e economia em um só produto.
👉 Vem conferir de perto essa novidade que promete conquistar sua sala!

✅ O Compras Paraguai é um site comparador de preços das melhores lojas do Paraguai. Não vendemos nem enviamos qualquer produto para o Brasil.

✅ Para comprar com segurança recomendamos que você venha pessoalmente até as lojas de Ciudad del Este que indicamos em nossas plataformas.

#MegaEletrônicos #CiudadDelEste #ComprasNoParaguai #TVAudisat #Lançamento #Tecnologia #PreçosNoParaguai #Eletrônicos",37,"10/03/2025 09:15",https://www.instagram.com/reel/DPWnqGPkSms/,"Reel do Instagram",,Total,45036,,356,120,,20,0
18310403920219007,17841401563580236,megaeletronicosoficialpy,"Mega Eletrônicos | 🇧🇷 Conta Oficial","✨ Chegou o novo iPhone 17 Pro Max ✨
O celular que redefine potência, design e fotografia.
Tela Super Retina XDR de 6,9”, câmera Pro Fusion de 48 MP e o chip A19 Pro Max para desempenho sem limites.

📍 Já disponível na Mega Eletrônicos – Paraguai

#iphone17 #iphonese17promax #apple #megapromocao #megaeletronicos #ciudaddeleste #paraguai #turismoparaguai #comprasnoexterior #brasil #eletronicos",0,"10/03/2025 16:01",https://www.instagram.com/p/DPXWFSujcRZ/,"Carrossel do Instagram",,Total,58693,11064,183,25,6,129,9
18026115917739881,17841401563580236,megaeletronicosoficialpy,"Mega Eletrônicos | 🇧🇷 Conta Oficial","💥 O seu relógio fica sem bateria em um dia?
O novo Apple Watch Ultra 3 chegou para mudar isso: até 42 horas de duração, tela maior e mais brilhante, caixa de titânio e resistência à água de até 40 m.

🌍 Além disso, com a conectividade via satélite, você não precisa mais do iPhone para pedir ajuda ou enviar mensagens em uma emergência.

🔥 Não é um relógio comum. É o Apple Watch Ultra 3.
Você usaria no dia a dia ou nas suas aventuras? 💪⌚
Deixe sua opinião 👇

#AppleWatchUltra3 #AppleWatch #Tecnologia #Smartwatch #Apple #Aventura #Inovação #MegaEletronicos #FozDoIguaçu #comprasnoparaguai",51,"10/04/2025 05:08",https://www.instagram.com/reel/DPYwDB6kdlw/,"Reel do Instagram",,Total,9300,8146,124,32,2,41,12
18052791857300446,17841462447596208,explorandoafronteira,"Explorando a Fronteira por Nicolly Tavassi","A Elizavecca é uma marca sul-coreana de cosméticos que oferece produtos de skin care e cabelos.

Ela viralizou muito por conta da qualidade além das embalagens super diferentes e criativas.

Você encontra Elizavecca no Paraguai por preços incríveis, na loja da Mega Eletrônicos!

Me conta se já ouviu falar dessa merca ou se já testou alguma vez!

#paraguai #comprasparaguai #skincare #cabelo #beleza #elizavecca",63,"10/04/2025 16:35",https://www.instagram.com/reel/DPZ9-mIji2m/,"Reel do Instagram",,Total,51041,,909,578,,56,0
17925506805134468,17841407601225083,dicadawinie,"Winie Anand","A @megaeletronicosoficialpy é a importadora da Marca Audisat!

Eles trazem produtos custo benefício, de qualidade e com preço justo!

Quem aí precisa desse combo ?
#comprasparaguai #forncedoresparaguai",68,"10/06/2025 03:17",https://www.instagram.com/reel/DPds6URjjZN/,"Reel do Instagram",,Total,46045,,746,549,,14,0
17858499639526193,17841401563580236,megaeletronicosoficialpy,"Mega Eletrônicos | 🇧🇷 Conta Oficial","Nem todo celular é igual… e o Pixel 10 veio provar isso! 🚀

⚡ Processador Tensor G5: velocidade, multitarefa fluida e IA que aprende com você.
🌈 Tela OLED 6,3” 120Hz: cores vivas e fluidez total.
📸 Câmera tripla 48MP + 13MP + 10,8MP + frontal 10,5MP: fotos profissionais em qualquer hora do dia.
🔋 Bateria 4.970 mAh que dura o dia todo.
💧 Proteção IP68 contra água e poeira.
🔒 Android 16 com a segurança Google.

O novo Google Pixel 10 te coloca sempre um passo à frente. ✨

#googlepixel10 #google #smartphone #tecnologia #megaeletronicos #android16 #pixel #fotografia #inovação #paraguai #eletronicos #celular",49,"10/06/2025 14:01",https://www.instagram.com/reel/DPe2ye-AXj_/,"Reel do Instagram",,Total,14982,11439,136,28,6,22,12
18088942600857490,17841401563580236,megaeletronicosoficialpy,"Mega Eletrônicos | 🇧🇷 Conta Oficial","😎 3 motivos pra trocar seu fone por esse óculos da Xiaomi — e o último vai te surpreender!

1️⃣ Você não coloca nada no ouvido — conforto total e design super moderno.
2️⃣ Ouça suas músicas e ainda fique atento ao ambiente — zero isolamento, muito mais segurança.
3️⃣ Até 10 horas de bateria e controle por toque direto na haste — praticidade no dia a dia.

🎧 Esquece os fones tradicionais e vem garantir o seu Xiaomi Smart Glasses aqui na Mega Eletrônicos!

#xiaomi #xiaomismartglasses #oculosinteligente #oculosxiaomi #tecnologia #gadgets #smartlife #novidadesxiaomi #eletronicos #megaeletronicos #paraguai #fozdoiguaçu #comprasnoexterior",42,"10/07/2025 08:02",https://www.instagram.com/reel/DPgybhKDU1m/,"Reel do Instagram",,Total,10948,7933,167,71,5,26,9
17856437601477172,17841406652483983,guiadafronteira,"Manu do Guia da Fronteira em Foz do Iguaçu 🇧🇷🇦🇷🇵🇾","Fones da Black Shark: tecnologia, qualidade e design em um só produto a partir de U$10,50 😓🎧🎶

📍Onde encontrar? Na Mega Eletrônicos, localizada na Monseñor Rodriguez em Ciudad Del Este no Paraguay (do lado esquerdo).

⏰ Qual horário de atendimento? Segunda das 7h às 16h30 | terça à sexta das 6h30 às 16h30 | sábado das 6h às 15h | fechado aos domingos.

👋🏻 Se gostou já salva essa dica e marca aqui o @ que tá precisando de um fone novo!",43,"10/07/2025 13:32",https://www.instagram.com/reel/DPhYF20jv-b/,"Reel do Instagram",,Total,27107,,205,129,,15,0
18082028608785631,17841401563580236,megaeletronicosoficialpy,"Mega Eletrônicos | 🇧🇷 Conta Oficial","🚀 O futuro chegou — e atende pelo nome Xiaomi 17!
Potência absurda, bateria que parece infinita e uma câmera que enxerga além do normal.
Esse não é só um smartphone… é tecnologia de outro planeta. 👽📱

#Xiaomi17 #TecnologiaDoFuturo #MegaEletrônicos #Xiaomi #Celulares #TechLovers #Inovação #Snapdragon8Elite #smartphones",31,"10/08/2025 10:02",https://www.instagram.com/reel/DPjk-jeEfFn/,"Reel do Instagram",,Total,31519,21272,669,383,40,56,38
18081694193047695,17841401563580236,megaeletronicosoficialpy,"Mega Eletrônicos | 🇧🇷 Conta Oficial","🔥 Não compre nenhum tablet antes de ver esses lançamentos!

📱 XPAD 20 Infinix – Tela gigante de 11”, Android 15 e desempenho rápido pra estudar, jogar ou trabalhar.

💪 Galaxy Tab Active5 5G – Resistente a água e poeira, com S Pen e bateria que dura o dia todo.

🎧 Redmi Pad SE 8.7 – Compacto, som Dolby Atmos e bateria de longa duração.

Qual deles seria o tablet perfeito pra você? 👇✨

#infinix #xp20 #galaxytabactive5 #redmipadse #xiaomi #samsung #tablets #lançamento #tecnologia #paraguai #megapromo #megaeletronicos #triplefronteira #fozdoiguaçu #comprasnoexterior",49,"10/09/2025 07:00",https://www.instagram.com/reel/DPlz_8VDrj1/,"Reel do Instagram",,Total,16909,13525,150,33,8,46,22
18330179011230058,17841401563580236,megaeletronicosoficialpy,"Mega Eletrônicos | 🇧🇷 Conta Oficial","iPhones no 🇧🇷 ou 🇵🇾?
Os mesmos iPhones, mas com uma diferença que surpreende 👀
Será que ainda vale comprar no Brasil?

📱 Confira essa comparação e tire suas próprias conclusões!

#iPhone #AppleBrasil #ComprasNoParaguai #TechNews #DiferençaDePreço #Importados #economiainteligente",44,"10/10/2025 15:55",https://www.instagram.com/reel/DPpW5u3EV4p/,"Reel do Instagram",,Total,23067,14846,343,251,61,41,56
18072556514270870,17841401563580236,megaeletronicosoficialpy,"Mega Eletrônicos | 🇧🇷 Conta Oficial",,244,"10/11/2025 10:07",https://www.instagram.com/reel/DPrT8qVESuh/,"Reel do Instagram",,Total,13517,9419,200,19,12,14,20
18387843664132900,17841462447596208,explorandoafronteira,"Explorando a Fronteira por Nicolly Tavassi","Caixas de som baratas a partir de R$50!!

Eu vou te mostrar essas 3 opções de caixas de som da Audisat, que são portáteis e perfeitas para o dia a dia.

Me conta qual você gostou mais e se ficou impressionado com os preços assim como eu!!

#paraguai #comprasparaguai #caixadesom #eletronicos",69,"10/11/2025 15:11",https://www.instagram.com/reel/DPr2mUEDpOr/,"Reel do Instagram",,Total,19669,,246,72,,11,0
17884591230384249,17841407601225083,dicadawinie,"Winie Anand","Na @megaeletronicosoficialpy vocês vão encontrar os celulares mais resistentes do mundo que são da marca Blackvew!

Tem modelos a partir de 99$ e você pode ver mais modelos e especificações no site da @megaeletronicosoficialpy !

E aí quem precisa de um celular super resistente?

#comprasparaguai #forncedoresparaguai",63,"10/13/2025 03:15",https://www.instagram.com/reel/DPvuPHvDupD/,"Reel do Instagram",,Total,38783,,533,330,,22,0
18104166775539063,17841401563580236,megaeletronicosoficialpy,"Mega Eletrônicos | 🇧🇷 Conta Oficial","O novo Moto X70 Air combina leveza, performance e IA em um só gesto.
.
#motox70air #AirWithAI #Motorola #LevezaInteligente #TecnologiaQueSente #DesignQueImpressiona",40,"10/13/2025 14:10",https://www.instagram.com/reel/DPw5W6fEZXT/,"Reel do Instagram",,Total,8429,6694,116,21,3,10,2
18086806852939863,17841401563580236,megaeletronicosoficialpy,"Mega Eletrônicos | 🇧🇷 Conta Oficial","🎧 Esse é o fone que tá fazendo MUITA gente esquecer os concorrentes famosos…
🔊 Cancelamento de ruído real + drivers Hi-Res 40mm + até 55h de bateria!
🔥 E tem mais: pelo app da QCY você personaliza tudo; equalizador, modos pra música, filmes ou games, e até recebe novas funções!

👉 Teste o QCY H3 Pro e descubra porque nenhum outro fone vai parecer bom o suficiente.

#qcyh3pro #somdequalidade #tecnologia #gadgets #cancelamentoderuido #trend #foryou",35,"10/14/2025 07:00",https://www.instagram.com/reel/DPyowMJDCaT/,"Reel do Instagram",,Total,22312,16689,144,38,10,28,22
18069682373013743,17841411892401375,fozcidadelinda,"Foz do Iguaçu Cidade Linda","Celular bom e barato no Paraguai 🇵🇾 

Na Mega Eletrônicos você encontra a linha completa de smartphones da Realme, inclusive o Realme C3.

Um celular com bateria de alta duração, design slin ultraleve, resistência a água e 256GB de armazenamento.

Com valor na faixa de R$600 reais, é um celular de alta tecnologia e valor super acessível.

Se você busca uma boa opção de celular, esse é o ideal pra você.",74,"10/16/2025 09:42",https://www.instagram.com/reel/DP4Ij5jES7-/,"Reel do Instagram",,Total,28897,,437,327,,19,0
18088042672917534,17841462447596208,explorandoafronteira,"Explorando a Fronteira por Nicolly Tavassi","Quanto custam e onde comprar projetores no Paraguai?!

Se você quer ter um cinema em casa sem precisar comprar uma televisão super cara, os projetores são a melhor opção!

Eles simplesmente transmitem e imagem na superfície que você quiser, são super práticos e portáteis, além de terem preços mais baixos.

Hoje eu te apresento o Wanbo mini pro e o Wanbo dali 1, duas opções disponíveis aqui na Mega Eletrônicos no Paraguai! 

Me conta se já testou algum deles!

#paraguai #comprasparaguai #projetor #eletronico",50,"10/17/2025 16:21",https://www.instagram.com/reel/DP7bHS-jvhq/,"Reel do Instagram",,Total,23800,,289,182,,8,0
17885696754379258,17841401563580236,megaeletronicosoficialpy,"Mega Eletrônicos | 🇧🇷 Conta Oficial","🚨🧠 CIUDAD DEL ESTE EM ALERTA! 🚨
Um Mega Hacker foi visto na fronteira e o alvo dele é claro: a melhor loja da cidade — Mega Eletrônicos! 👀💻

Dizem que ele vai invadir o sistema pra baixar todos os preços na Hack Friday 😱⚡
Será que ele vai conserguir? 👇

————

🚨🧠 ¡CIUDAD DEL ESTE EN ALERTA! 🚨
Un Mega Hacker fue visto en la frontera y su objetivo está claro: ¡la mejor tienda de la ciudad — Mega Electrónicos! 👀💻

Dicen que planea invadir el sistema para bajar todos los precios en la Hack Friday 😱⚡

¿Lo logrará? 👇
.
#HackFriday #MegaElectronicos #CiudadDelEste #Promoções #HackerDaMega #OfertasExplosivas #paraguai",51,"10/19/2025 13:32",https://www.instagram.com/reel/DQARZ8AkW83/,"Reel do Instagram",,Total,113585,78026,436,198,28,49,23
17980582067929845,17841407601225083,dicadawinie,"Winie Anand","Qual robô da Xiaomi você vai comprar na @megaeletronicosoficialpy ?",46,"10/20/2025 03:06",https://www.instagram.com/reel/DQBu0_WDdmH/,"Reel do Instagram",,Total,41382,,643,734,,22,0
17925960051118934,17841462447596208,explorandoafronteira,"Explorando a Fronteira por Nicolly Tavassi","Quanto custam e onde comprar celulares da Realme no Paraguai?

Separei alguns modelos disponíveis na Mega Eletrônicos e conto tudo pra vocês!!

A Realme é uma marca chinesa de eletrônicos que trás muita qualidade, novidade além de ótimos preços nos seus produtos.

Que já testou só fala bem, e é por isso que tem sido tão procurada ultimamente.

Me conta se já testou os celulares da Realme e o que achou dos que eu mostrei no vídeo de hoje!!

#paraguai #comprasparaguai #realme #celular #eletronicos",75,"10/22/2025 15:58",https://www.instagram.com/reel/DQIQiW6jkyt/,"Reel do Instagram",,Total,26212,,398,189,,28,0
18075242843163669,17841406652483983,guiadafronteira,"Manu do Guia da Fronteira em Foz do Iguaçu 🇧🇷🇦🇷🇵🇾","Chegaram as novas caixinhas de som da Audisat na @megaeletronicosoficialpy — potentes, compactas e com som de qualidade para te acompanhar em qualquer lugar!

📍Onde encontrar? Na Mega Eletrônicos, localizada na rua Monseñor Rodriguez em Ciudad Del Este no Paraguay (do lado esquerdo).

⏰ Qual horário de atendimento? Segunda das 7h às 16h30 | terça à sexta das 6h30 às 16h30 | sábado das 6h às 15h | fechado aos domingos.

👋🏻 Se gostou já salva essa dica e marca aqui o @ que tá precisando de uma caixinha de som nova!",38,"10/23/2025 08:02",https://www.instagram.com/reel/DQJ_AO3jv67/,"Reel do Instagram",,Total,10638,,101,89,,12,0
18110395477583865,17841401563580236,megaeletronicosoficialpy,"Mega Eletrônicos | 🇧🇷 Conta Oficial","Estou falando de Medicube e Beauty of Joseon 😍
Quais são os seus favoritos? 👀💋✨
Encontre esses e muitos outros produtos aqui na Mega Eletrônicos!
#medicube #beautyofjoseon #rotinadecuidadoscomapele #skincare",32,"10/25/2025 15:17",https://www.instagram.com/reel/DQP6hOdDh2y/,"Reel do Instagram",,Total,15444,12336,47,21,3,10,12
18072815861224312,17841401563580236,megaeletronicosoficialpy,"Mega Eletrônicos | 🇧🇷 Conta Oficial","⏳ ESTÁ CADA VEZ MAIS PERTO!

De 20 a 23 de novembro, os preços serão hackeados 😎
Descontos reais, produtos top e as melhores marcas… tudo em um só lugar! 🔥
E você? Já está se preparando pra quando tudo sair do controle? 🤯

📍 Ciudad del Este – Paraguai

⏳ ¡ESTÁ CADA VEZ MÁS CERCA!

Del 20 al 23 de noviembre, los precios serán hackeados 😎
Descuentos reales, productos top y las mejores marcas… ¡todo en un solo lugar! 🔥
¿Y vos? ¿Ya te estás preparando para cuando todo se salga de control? 🤯

#hackfriday #megaeletronicos #blackfriday #ofertas #descontos #promoções #comprasparaguai #ciudaddeleste",0,"10/26/2025 08:00",https://www.instagram.com/p/DQRtZvqiJRX/,"Imagem do Instagram",,Total,77383,12921,67,41,4,15,2
18056366417267798,17841407601225083,dicadawinie,"Winie Anand","A @megaeletronicosoficialpy é importadora oficial da marca Aiwa aqui no Paraguai!

A marca é super conhecida por ter produtos com excelentes preços e qualidade!

E ai, vale a pena comprar TV aqui no Paraguai?",31,"10/27/2025 02:55",https://www.instagram.com/reel/DQTu_p9Drhe/,"Reel do Instagram",,Total,102640,,1509,1036,,76,0
18082443506051823,17841401563580236,megaeletronicosoficialpy,"Mega Eletrônicos | 🇧🇷 Conta Oficial","🔥 O novo Xiaomi 17 Pro Max — você está pronto pra conhecer? 🚀

💪 Desempenho extremo com o Snapdragon 8 Elite Gen 5, até 16 GB de RAM e 1 TB de armazenamento.
🔋 Bateria de 7.500 mAh com carregamento rápido de 100 W e 50 W sem fio.
📱 Tela AMOLED de 6,9” com 120 Hz adaptativos, fluidez total em cada toque.
📸 Triple câmera Leica de 50 MP para fotos com qualidade profissional.
🖥️ E sim, ele também tem uma tela traseira de 2,9” com 120 Hz para selfies e controles rápidos.

Elegância, potência e fotografia premium em um só smartphone 😍
💥 O gigante da Xiaomi chegou pra mudar tudo!

#xiaomi17promax #xiaomi #lançamento #smartphone #tecnologia #gadgets #megapower #inovação #fotografiamóvel #leica #megaeletronicos #paraguai #triplefronteira #techlover",43,"10/28/2025 12:11",https://www.instagram.com/reel/DQXTmu9DOtT/,"Reel do Instagram",,Total,51005,31294,1160,957,167,205,111
18065166332616138,17841401563580236,megaeletronicosoficialpy,"Mega Eletrônicos | 🇧🇷 Conta Oficial","Os sistemas estão sendo invadidos ⚠️
Os preços, observados 👁️
E quando tudo sair do controle… só quem estiver pronto vai aproveitar⚡️

⏳ Algo grande está pasando…
Los sistemas están siendo hackeados ⚠️
Los precios, vigilados 👁️
Y cuando todo se salga de control… solo los que estén listos van a aprovechar 💥

📍 Ciudad del Este – Paraguai

#hackfriday #megaeletronicos #blackfriday #ofertas #descontos #promoções #comprasparaguai #ciudaddeleste",55,"10/28/2025 16:30",https://www.instagram.com/reel/DQXxTJ7DjFH/,"Reel do Instagram",,Total,69703,61132,256,75,14,38,13
17876007807428998,17841401563580236,megaeletronicosoficialpy,"Mega Eletrônicos | 🇧🇷 Conta Oficial","Eitaaa 😍 @vinijr  e @virginia  já tão com o robô aspirador 😳
e tu aí, varrendo na vassoura ainda 🤣
#megaeletronicos #casaldomomento  #CasalDoAno",0,"10/29/2025 12:03",https://www.instagram.com/p/DQZ3m8Ek_KB/,"Imagem do Instagram",,Total,70838,16073,91,29,2,11,0
18427816165107191,17841462447596208,explorandoafronteira,"Explorando a Fronteira por Nicolly Tavassi","iPhone 17 Pro Max vs Xiaomi 17 Pro Max, qual é o melhor em 2025?

A disputa tá acirrada! De um lado, o novo iPhone 17 Pro Max, símbolo de design, câmeras e integração de software.

Do outro, o Xiaomi 17 Pro Max, que chegou com tudo apostando em bateria gigante, câmeras Leica e até uma tela traseira que virou o seu grande destaque! 

O iPhone segue com seu acabamento refinado e desempenho estável, enquanto o Xiaomi aposta na inovação e entrega um pacote poderoso com o Snapdragon 8 Elite Gen 5 e carregamento de 100W.

No fim, a pergunta que não quer calar: Você prefere a Xiaomi ou Apple? 

Comenta aqui qual dos dois ganhou o seu voto!

#iphone17promax #xiaomi17promax #comparativo #tecnologia #smartphones #paraguai #xiaomi #apple",80,"10/30/2025 13:30",https://www.instagram.com/reel/DQcl9V7DpeH/,"Reel do Instagram",,Total,1603295,,52075,35805,,1593,0
18077212705930730,17841407601225083,dicadawinie,"Winie Anand","O celular mais desejado do momento, Xiaomi 17 Pro e 17 pro max!

A câmera dele me surpreendeu, sem contar o display que vem na parte de trás e você consegue ver como está a gravação ou foto!

Ele não chegou para venda ainda, sigam a @megaeletronicosoficialpy que vai receber para venda em primeira mão aqui no Paraguai!

#xiaomi17promax",59,"10/31/2025 03:02",https://www.instagram.com/reel/DQeC4xZjqh7/,"Reel do Instagram",,Total,181440,,5102,2104,,316,0
18117420940534187,17841411892401375,fozcidadelinda,"Foz do Iguaçu Cidade Linda","FONES DE OUVIDO NO PRECINHO ✨

Hoje te apresentamos três fones de ouvido custo benefício que você encontra aqui na Mega Eletrônicos.

Fones de alta qualidade e tecnologia com valores a partir de U$ 8 doláres, quer coisa melhor que isso?

Corre comprar o seu!",55,"10/31/2025 08:49",https://www.instagram.com/reel/DQeqxd2kRNr/,"Reel do Instagram",,Total,19016,,182,174,,6,0
18049454153344312,17841401563580236,megaeletronicosoficialpy,"Mega Eletrônicos | 🇧🇷 Conta Oficial","SISTEMA HACKEADOS! 🔓🎭

Os algoritmos da Mega foram reescritos… e os preços vão despenca! 😱 

📆 20 e 23 de Novembro

Eletrônicos, beleza, casa e muito mais com descontos absurdos.

Fique de olho aqui no perfil 👀

A qualquer momento, algo pode acontecer.

———-

SISTEMAS HACKEADOS! 🔓🎭

Los algoritmos de Mega fueron reescritos… ¡y los precios van a caer en picada! 😱

📆 Del 20 al 23 de noviembre

Electrónicos, belleza, hogar y mucho más con descuentos absurdos.

Mantente atento al perfil 👀

En cualquier momento, algo puede suceder.

#blackfriday #paraguai
#MegaEletrônicos #comprasparaguai #eletronicos",41,"11/01/2025 14:02",https://www.instagram.com/reel/DQhzZ1UEQx1/,"Reel do Instagram",,Total,97348,67077,201,66,19,31,7
18046525052679015,17841462447596208,explorandoafronteira,"Explorando a Fronteira por Nicolly Tavassi","Celular de R$422 no Paraguai!!

Além de barato ele entrega muito, vou te mostrar.

O Infinix Smart 10 tem desempenho ótimo, bateria que dura e preço de cair o queixo!

Você encontra ele na Mega Eletrônicos que fica em Ciudad del Este no Paraguai!

#paraguai #comprasparaguai #celular #eletrônicos",55,"11/02/2025 16:15",https://www.instagram.com/reel/DQktFzbjo61/,"Reel do Instagram",,Total,35319,,422,176,,14,0
18313737940216629,17841401573017083,comprasparaguai,"Compras Paraguai","📱✨ Na Mega Eletrônicos, o custo x benefício é de outro nível! 💥

Encontramos 3 celulares Itel que entregam desempenho, estilo e preço justo — do jeito que a gente gosta! 😎🔥

E claro, com aquele atendimento da Mega Eletrônicos que você já conhece e confia. 💙

✅ O Compras Paraguai é um site comparador de preços das melhores lojas do Paraguai. Não vendemos nem enviamos qualquer produto para o Brasil.

✅ Para comprar com segurança recomendamos que você venha pessoalmente até as lojas de Ciudad del Este que indicamos em nossas plataformas.

#MegaEletronicos #ItelParaguai #CelularesItel #CustoBenefício #TecnologiaParaguai #CiudadDelEste #PromoçõesMega #EletrônicosParaguai",89,"11/03/2025 08:15",https://www.instagram.com/reel/DQZkT1ukX0p/,"Reel do Instagram",,Total,28869,,192,61,,18,0
18081228872114391,17841401563580236,megaeletronicosoficialpy,"Mega Eletrônicos | 🇧🇷 Conta Oficial","🎮 Celular gamer por menos de R$700! 😱🔥

O Infinix HOT 60i entrega desempenho e estilo sem pesar no bolso:
🔹 Helio G81 Octa Core
🔹 Tela 6.7” 120Hz Full HD+
🔹 256GB + 8GB RAM (+8GB virtual)
🔹 Bateria 5160mAh / 45W
🔹 Câmera 50MP

Potência pra jogar o dia todo sem travar! 🕹️💪
Disponível na Mega Eletrônicos 🇵🇾

👉 Comente INFINIX pra saber mais!

#megaeletronicos #infinixhot60i #celulargamer #paraguai #fozdoiguaçu #tecnologia #ofertas",36,"11/05/2025 14:37",https://www.instagram.com/reel/DQsRj8HkWml/,"Reel do Instagram",,Total,15984,11195,156,55,24,32,27
18086042728777222,17841401563580236,megaeletronicosoficialpy,"Mega Eletrônicos | 🇧🇷 Conta Oficial","💥 Por apenas R$ 325,00! 😱
Isso mesmo — trezentos e vinte e cinco reais!

📱 ITEL A90 de 64GB — tá MUITO barato… vale levar até dois! 🔥
E ainda tem versões com 128GB e 256GB pra quem quer mais espaço 👀

Conta também com selo da Anatel e Garantia de 2 anos! 

🛒 Mega Eletrônicos, a loja que ama bons preços ❤️

#megaeletronicos #itelA90 #celularbarato #smartphone #paraguai #fozdoiguaçu #ciudaddeleste",48,"11/06/2025 13:01",https://www.instagram.com/reel/DQurXTyjy3d/,"Reel do Instagram",,Total,59120,41843,770,273,369,101,113
18077845118517199,17841401563580236,megaeletronicosoficialpy,"Mega Eletrônicos | 🇧🇷 Conta Oficial","🚨 Hack Friday 2025 na Mega Eletrônicos!
💥 Produtos incríveis com até 70% OFF
🎁 Sorteios, ofertas relâmpago e prêmios imperdíveis
🗓 De 20 a 23 de novembro, venha aproveitar a revolução de preços!

✨ Mega Eletrônicos – a loja que ama os bons preços!

#HackFriday2025 #MegaEletrônicos #Descontos #OfertasRelâmpago #bonspreços",46,"11/07/2025 13:20",https://www.instagram.com/reel/DQxSSMGEWIS/,"Reel do Instagram",,Total,35404,32406,255,65,19,24,17
17952505154906103,17841401573017083,comprasparaguai,"Compras Paraguai","⌚⚡ Tecnologia e estilo direto do Paraguai! 🇵🇾💥
Na Mega Eletrônicos de Ciudad del Este encontramos os relógios QCY, cheios de inovação, design moderno e recursos que vão te surpreender! 😍🔋
Se liga nessas novidades e vem conferir de perto! 💫

✅ O Compras Paraguai é um site comparador de preços das melhores lojas do Paraguai. Não vendemos nem enviamos qualquer produto para o Brasil.

✅ Para comprar com segurança recomendamos que você venha pessoalmente até as lojas de Ciudad del Este que indicamos em nossas plataformas.

#ComprasNoParaguai #CiudadDelEste #MegaEletronicos #QCY #RelogiosInteligentes #Tecnologia #Ofertas",84,"11/10/2025 08:15",https://www.instagram.com/reel/DQ4d2P_EfDJ/,"Reel do Instagram",,Total,20798,,193,72,,16,0
18082541348081831,17841401563580236,megaeletronicosoficialpy,"Mega Eletrônicos | 🇧🇷 Conta Oficial","⚠️ OS PREÇOS FORAM INVADIDOS! 💻🔥
Agora não tem como controlar! O hacker da Mega fez história — e tudo está caindo e a poucos dias de ser revelado! 💸

Descontos insanos por tempo limitado.
📆 20 a 23 de novembro
📍 Ciudad del Este

Se prepara e corre antes que apaguem o sistema! 

____

⚠️ ¡LOS PRECIOS FUERON INVADIDOS! 💻🔥
¡Ahora no hay cómo controlarlo! El hacker de Mega hizo historia — ¡todo está cayendo y a pocos días de ser revelado! 💸

Descuentos insanos por tiempo limitado.
📆 Del 20 al 23 de noviembre
📍 Ciudad del Este

¡Prepárate y corre antes de que apaguen el sistema! ⚠️

#HackFriday #MegaEletronicos #ofertas #blackfriday",37,"11/10/2025 14:22",https://www.instagram.com/reel/DQ5HlJfEb5t/,"Reel do Instagram",,Total,179857,93097,240,70,19,21,10
17929327635138948,17841407601225083,dicadawinie,"Winie Anand","Na @megaeletronicosoficialpy vocês encontram todos os produtos da Xiaomi com excelentes preços!",46,"11/11/2025 04:09",https://www.instagram.com/reel/DQ6mbOWjlsj/,"Reel do Instagram",,Total,46438,,825,649,,16,0
17858590440545772,17841401563580236,megaeletronicosoficialpy,"Mega Eletrônicos | 🇧🇷 Conta Oficial","Um monstro do som, feito para quem não abaixa o volume 🎶
Comente a palavra Audisat e te enviamos todas as informações 🔥

🛒 Mega Eletrônicos, onde o som manda 🎧

#megaeletronicos #audisatx300 #boombox #paraguai #caixadesom #musica #bass #potencia #gadgets #tecnologia #speaker #ofertas #ciudaddeleste #viral #soundpower",39,"11/11/2025 15:02",https://www.instagram.com/reel/DQ7xNVDAjJR/,"Reel do Instagram",,Total,253223,121452,698,78,577,181,39
18061927133412980,17841462447596208,explorandoafronteira,"Explorando a Fronteira por Nicolly Tavassi","Caixa de som potente e estilosa? A Aiwa AWH51BT entrega tudo isso! 

São 1300W de potência, conexão Bluetooth, USB e auxiliar, e um design com LEDs incríveis pra deixar qualquer ambiente com clima de festa. 

Ela tem som nítido, grave potente e bateria que não te deixa na mão.

Perfeita pra churrasco, festa ou até aquele som no quarto! 

 Disponível na Mega Eletrônicos, no Paraguai 

 Marca um amigo que ia amar essa caixa!

#Aiwa #eletronicos #CaixaDeSom #comprasparaguai #Paraguai #neymar",52,"11/12/2025 14:00",https://www.instagram.com/reel/DQ-OxocjlzQ/,"Reel do Instagram",,Total,23600,,222,85,,10,0
17858637192549672,17841406652483983,guiadafronteira,"Manu do Guia da Fronteira em Foz do Iguaçu 🇧🇷🇦🇷🇵🇾","Celulares Infinix com preço super acessível no Paraguai 🇵🇾 na @megaeletronicosoficialpy tem modelo por menos de R$400 reais 😱😱😱

📍Onde encontrar? Na Mega Eletrônicos, rua Monseñor Rodriguez em Ciudad Del Este no Paraguay (do lado esquerdo).

⏰ Qual horário de atendimento? Segunda das 7h às 16h30 | terça à sexta das 6h30 às 16h30 | sábado das 6h às 15h | fechado aos domingos.

👋🏻 Se gostou já salva essa dica e marca aqui o @ quer comprar um celular novo!",41,"11/13/2025 13:03",https://www.instagram.com/reel/DRAsUdgjj87/,"Reel do Instagram",,Total,29536,,291,163,,21,0
18080204789163737,17841423501220229,blackfridaycde,"Black Friday Oficial CDE","@megaelectronicosparaguay Patrocinador oficial da Black Friday Ciudad del Este 2025! 🔥

📍Avenida Monseñor Rodriguez, esquina com Ita Ybate, perto da aduana paraguaia",0,"11/14/2025 03:33",https://www.instagram.com/p/DRCQ1ekju-2/,"Imagem do Instagram",,Total,73069,,46,10,,1,0
18079872110155830,17841401563580236,megaeletronicosoficialpy,"Mega Eletrônicos | 🇧🇷 Conta Oficial","⏳ Começou a contagem regressiva para o maior evento do ano!

🔥 Hack Friday Mega — os dias em que os preços são totalmente hackeados!

💥 Descontos de até 80%
📱 Celulares, ❄️ ar-condicionados e até produtos por 0,99 USD!
Imagina como vai estar isso? 😳🔥

L
📆 20 a 23 de novembro
📍 Mega Eletrônicos — Ciudad del Este

Vem pra Mega, A loja que ama os bons preços! 💻🔥

#HackFridayMega #MegaEletronicos #BlackFriday2025 #PreçosHackeados #Descontos #CiudadDelEste #Paraguai #OfertasEspeciais #Promoções #TurismoDeCompras",47,"11/15/2025 15:50",https://www.instagram.com/reel/DRGJxD_EQzO/,"Reel do Instagram",,Total,143451,157857,296,66,26,9,16
17921938407051249,17841407601225083,dicadawinie,"Winie Anand","Venha para a @megaeletronicosoficialpy e aproveite as ofertas relâmpago dessa Hack Friday!

Como participar da promoção relâmpago da Mega Eletrônicos ⚡️:

⚡Horario das promoções relâmpago: Promoções relâmpago ao longo do dia, sem horário fixo.

📍Onde comprar: Os produtos da promoção relâmpago somente serão vendidos na loja, de forma presencial. 

🎥 Onde Acompanhar: Cada promoção relâmpago será anunciada via LIVE nas redes sociais da Mega Eletrônicos, com 10 minutos de antecedência; ativem as notificações e venha correndo para loja aproveitar.

⚠️ Regras Importantes: Estoque diário limitado | Limite de 1 unidade por cliente.",38,"11/17/2025 05:44",https://www.instagram.com/reel/DRKN69tDliA/,"Reel do Instagram",,Total,629228,,10960,14549,,191,0
18086099728971868,17841401563580236,megaeletronicosoficialpy,"Mega Eletrônicos | 🇧🇷 Conta Oficial","🔥 Os preços foram oficialmente HACKEADOS! 🔥

A Hack Friday chegou com as ofertas mais insanas do ano — e esses produtos do carrossel são só uma prévia do que te espera! 👀💥

📌 Fone Audisat X1 Pro por U$ 1,99
📌 Xiaomi Redmi A5 (Global) por U$ 59,90
📌 TV Xiaomi 43” Google TV (2025) por U$ 149,90
📌 Air Fryer Xiaomi 4.5L por U$ 49,90
📌 Aspirador Xiaomi Robot Vacuum S20+ por U$ 219,90

Descontos que você nunca viu no Paraguai de até 80%.

⏳ Promoção válida de 20 a 23 de novembro
📍 A 350 metros da Ponte da Amizade
✨ Mega Eletrônicos — a loja que ama os bons preços

Corre antes que o hacker desconecte e pare com tudo! ⚠️🔥
.
#blackfriday #ofertas #hackfriday #comprasparaguai #promoções #tecnologia",0,"11/17/2025 13:56",https://www.instagram.com/p/DRLGfXgD9Ou/,"Carrossel do Instagram",,Total,115239,32021,420,521,42,8,49
18071999195035419,17841401563580236,megaeletronicosoficialpy,"Mega Eletrônicos | 🇧🇷 Conta Oficial","Os melhores preços do Paraguai estão te esperando! 🔥

💥 Ofertas incríveis em eletrônicos e cosméticos — só aqui, a 350 metros da Ponte da Amizade.

✔️ Produtos 100% originais
✔️ Preços imperdíveis
✔️ Estoques limitados

Corre garantir o seu antes que acabe! 🚀",37,"11/17/2025 15:43",https://www.instagram.com/reel/DRLSoCuAJU7/,"Reel do Instagram",,Total,91995,54296,922,229,88,14,30
18407459143189909,17841401563580236,megaeletronicosoficialpy,"Mega Eletrônicos | 🇧🇷 Conta Oficial","🚨 ATENÇÃO: HACK FRIDAY COMEÇA EM 2 DIAS! 🚨
Os preços JÁ ESTÃO sendo hackeados, e isso é só um preview do caos de ofertas que vamos liberar!

Faltam apenas 48 horas para a Hack Friday da Mega Eletrônicos, mas os preços já sentiram o impacto e começaram a cair!

Prepare-se para descontos de até 80%! Se a prévia já é insana, imagine o nível de loucura que está por vir! 🤯

⏳ Válida de 20 a 23 de novembro. 📍 Estamos a apenas 350 metros da Ponte da Amizade.

⚠️ PREPARE-SE antes que o sistema de segurança se reative e corte todos os preços baixos!
#HackFriday #BlackFriday #OfertasHackeadas #ComprarnoParaguai #MegaEletronicos #Tecnologia #Promoções #Descontos #Fronteira #CiudadDelEste",0,"11/18/2025 05:48",https://www.instagram.com/p/DRMzYUqjP9p/,"Carrossel do Instagram",,Total,93346,38856,192,209,20,1,20
18058119305645222,17841401563580236,megaeletronicosoficialpy,"Mega Eletrônicos | 🇧🇷 Conta Oficial","📢 HORÁRIOS OFICIAIS DO HACK FRIDAY NA MEGA! 🔥
Se prepara, porque de 20 a 23 de novembro os preços estarão totalmente HACKeados! 💥

🗓 Quinta-feira (20/11)
⏰ 06:30am – 16:30pm

🗓 Sexta-feira (21/11)
⏰ 06:30am – 16:30pm

🗓 Sábado (22/11)
⏰ 06:00am – 16:30pm

🗓 Domingo (23/11)
⏰ 08:00am – 14:00pm

⚠️ Chegue cedo e aproveite as ofertas mais insanas do ano!

Mega Eletrônicos — a loja que ama os bons preços ❤️💸",0,"11/18/2025 08:18",https://www.instagram.com/p/DRNEkyPkTNH/,"Imagem do Instagram",,Total,134071,13944,106,122,20,7,23
18067630625603359,17841401563580236,megaeletronicosoficialpy,"Mega Eletrônicos | 🇧🇷 Conta Oficial","Os primeiros sinais de HACK FRIDAY já apareceram… e o caos começou! ⚡💻

Os valores estão instáveis, os preços estão caindo sozinhos e as ofertas estão vazando antes da hora.
Se isso já está acontecendo AGORA… imagina no dia 20? 😳🔥

Prepare-se:
🔻 Produtos premium com quedas absurdas
🔻 Descontos que não deveriam ter sido liberados
🔻 O evento mais insano do ano chegando

⏳ De 20 a 23 de novembro
📍 Estamos a 350 metros da Ponte da Amizade

⚠️ Fique alerta antes que o sistema tente bloquear os preços baixos!

#HackFriday #MegaEletronicos #OfertasHackeadas #Tecnologia #Descontos #ComprarNoParaguai #BlackFriday2025 #CiudadDelEste",0,"11/18/2025 11:30",https://www.instagram.com/p/DRNafxWEXX-/,"Carrossel do Instagram",,Total,80659,20575,290,388,32,5,51
18091697747497764,17841401563580236,megaeletronicosoficialpy,"Mega Eletrônicos | 🇧🇷 Conta Oficial","Mood dos hackers

Faltam 2 dias 👀
.
#hackfriday #blackfriday #ofertas #ofertasimperdíveis #comprasparaguai #tecnologia",16,"11/18/2025 13:51",https://www.instagram.com/reel/DRNqjfhkdWz/,"Reel do Instagram",,Total,19072,11962,176,7,1,3,3
18164547190372080,17841401563580236,megaeletronicosoficialpy,"Mega Eletrônicos | 🇧🇷 Conta Oficial","🚨📱 Atenção, Apple lovers!
Os novos iPhone 17 estão a caminho da Mega Eletrônicos! 😍

✨ Novas cores, tela ultra fluida, chip A19 poderoso e câmeras de tirar o fôlego.
🔥 Desde o super fino iPhone 17 Air até os incríveis 17 Pro e Pro Max com telefoto de 48MP e zoom X8.

⏳ Em breve eles desembarcam na Mega e você vai poder garantir o seu antes de todo mundo!

💬 E aí, quanto você acha que vai custar cada modelo? Conta aqui nos comentários 👇

#iPhone17 #MegaEletrônicos #NovidadesApple #apple",40,"09/19/2025 13:39",https://www.instagram.com/reel/DOzCsy4D-RC/,"Reel do Instagram",,Total,151133,99231,468,15,9,22,20
18312310642174216,17841401325286595,omatheusgui,"Matheus Guilherme 🦉","Você aceitaria um presente misterioso desses? comenta aqui abaixo 👀😱🎁

#omatheusgui #presentemisterioso",99,"09/19/2025 15:02",https://www.instagram.com/reel/DOzMJZEiTiD/,"Reel do Instagram",,Total,566152,,17217,1210,,363,0
